-- MySQL dump 10.13  Distrib 5.1.73, for redhat-linux-gnu (x86_64)
--
-- Host: 127.0.0.1    Database: cs3281
-- ------------------------------------------------------
-- Server version	5.1.73

/*!40101 SET @OLD_CHARACTER_SET_CLIENT=@@CHARACTER_SET_CLIENT */;
/*!40101 SET @OLD_CHARACTER_SET_RESULTS=@@CHARACTER_SET_RESULTS */;
/*!40101 SET @OLD_COLLATION_CONNECTION=@@COLLATION_CONNECTION */;
/*!40101 SET NAMES utf8 */;
/*!40103 SET @OLD_TIME_ZONE=@@TIME_ZONE */;
/*!40103 SET TIME_ZONE='+00:00' */;
/*!40014 SET @OLD_UNIQUE_CHECKS=@@UNIQUE_CHECKS, UNIQUE_CHECKS=0 */;
/*!40014 SET @OLD_FOREIGN_KEY_CHECKS=@@FOREIGN_KEY_CHECKS, FOREIGN_KEY_CHECKS=0 */;
/*!40101 SET @OLD_SQL_MODE=@@SQL_MODE, SQL_MODE='NO_AUTO_VALUE_ON_ZERO' */;
/*!40111 SET @OLD_SQL_NOTES=@@SQL_NOTES, SQL_NOTES=0 */;

--
-- Table structure for table `auth_group`
--

DROP TABLE IF EXISTS `auth_group`;
/*!40101 SET @saved_cs_client     = @@character_set_client */;
/*!40101 SET character_set_client = utf8 */;
CREATE TABLE `auth_group` (
  `id` int(11) NOT NULL AUTO_INCREMENT,
  `name` varchar(80) NOT NULL,
  PRIMARY KEY (`id`),
  UNIQUE KEY `name` (`name`)
) ENGINE=MyISAM DEFAULT CHARSET=latin1;
/*!40101 SET character_set_client = @saved_cs_client */;

--
-- Dumping data for table `auth_group`
--

LOCK TABLES `auth_group` WRITE;
/*!40000 ALTER TABLE `auth_group` DISABLE KEYS */;
/*!40000 ALTER TABLE `auth_group` ENABLE KEYS */;
UNLOCK TABLES;

--
-- Table structure for table `auth_group_permissions`
--

DROP TABLE IF EXISTS `auth_group_permissions`;
/*!40101 SET @saved_cs_client     = @@character_set_client */;
/*!40101 SET character_set_client = utf8 */;
CREATE TABLE `auth_group_permissions` (
  `id` int(11) NOT NULL AUTO_INCREMENT,
  `group_id` int(11) NOT NULL,
  `permission_id` int(11) NOT NULL,
  PRIMARY KEY (`id`),
  UNIQUE KEY `group_id` (`group_id`,`permission_id`),
  KEY `permission_id_refs_id_a7792de1` (`permission_id`)
) ENGINE=MyISAM DEFAULT CHARSET=latin1;
/*!40101 SET character_set_client = @saved_cs_client */;

--
-- Dumping data for table `auth_group_permissions`
--

LOCK TABLES `auth_group_permissions` WRITE;
/*!40000 ALTER TABLE `auth_group_permissions` DISABLE KEYS */;
/*!40000 ALTER TABLE `auth_group_permissions` ENABLE KEYS */;
UNLOCK TABLES;

--
-- Table structure for table `auth_permission`
--

DROP TABLE IF EXISTS `auth_permission`;
/*!40101 SET @saved_cs_client     = @@character_set_client */;
/*!40101 SET character_set_client = utf8 */;
CREATE TABLE `auth_permission` (
  `id` int(11) NOT NULL AUTO_INCREMENT,
  `name` varchar(50) NOT NULL,
  `content_type_id` int(11) NOT NULL,
  `codename` varchar(100) NOT NULL,
  PRIMARY KEY (`id`),
  UNIQUE KEY `content_type_id` (`content_type_id`,`codename`)
) ENGINE=MyISAM AUTO_INCREMENT=55 DEFAULT CHARSET=latin1;
/*!40101 SET character_set_client = @saved_cs_client */;

--
-- Dumping data for table `auth_permission`
--

LOCK TABLES `auth_permission` WRITE;
/*!40000 ALTER TABLE `auth_permission` DISABLE KEYS */;
INSERT INTO `auth_permission` VALUES (1,'Can add permission',1,'add_permission');
INSERT INTO `auth_permission` VALUES (2,'Can change permission',1,'change_permission');
INSERT INTO `auth_permission` VALUES (3,'Can delete permission',1,'delete_permission');
INSERT INTO `auth_permission` VALUES (4,'Can add group',2,'add_group');
INSERT INTO `auth_permission` VALUES (5,'Can change group',2,'change_group');
INSERT INTO `auth_permission` VALUES (6,'Can delete group',2,'delete_group');
INSERT INTO `auth_permission` VALUES (7,'Can add user',3,'add_user');
INSERT INTO `auth_permission` VALUES (8,'Can change user',3,'change_user');
INSERT INTO `auth_permission` VALUES (9,'Can delete user',3,'delete_user');
INSERT INTO `auth_permission` VALUES (10,'Can add content type',4,'add_contenttype');
INSERT INTO `auth_permission` VALUES (11,'Can change content type',4,'change_contenttype');
INSERT INTO `auth_permission` VALUES (12,'Can delete content type',4,'delete_contenttype');
INSERT INTO `auth_permission` VALUES (13,'Can add session',5,'add_session');
INSERT INTO `auth_permission` VALUES (14,'Can change session',5,'change_session');
INSERT INTO `auth_permission` VALUES (15,'Can delete session',5,'delete_session');
INSERT INTO `auth_permission` VALUES (16,'Can add site',6,'add_site');
INSERT INTO `auth_permission` VALUES (17,'Can change site',6,'change_site');
INSERT INTO `auth_permission` VALUES (18,'Can delete site',6,'delete_site');
INSERT INTO `auth_permission` VALUES (19,'Can add log entry',7,'add_logentry');
INSERT INTO `auth_permission` VALUES (20,'Can change log entry',7,'change_logentry');
INSERT INTO `auth_permission` VALUES (21,'Can delete log entry',7,'delete_logentry');
INSERT INTO `auth_permission` VALUES (22,'Can add user social auth',8,'add_usersocialauth');
INSERT INTO `auth_permission` VALUES (23,'Can change user social auth',8,'change_usersocialauth');
INSERT INTO `auth_permission` VALUES (24,'Can delete user social auth',8,'delete_usersocialauth');
INSERT INTO `auth_permission` VALUES (25,'Can add nonce',9,'add_nonce');
INSERT INTO `auth_permission` VALUES (26,'Can change nonce',9,'change_nonce');
INSERT INTO `auth_permission` VALUES (27,'Can delete nonce',9,'delete_nonce');
INSERT INTO `auth_permission` VALUES (28,'Can add association',10,'add_association');
INSERT INTO `auth_permission` VALUES (29,'Can change association',10,'change_association');
INSERT INTO `auth_permission` VALUES (30,'Can delete association',10,'delete_association');
INSERT INTO `auth_permission` VALUES (31,'Can add task state',11,'add_taskmeta');
INSERT INTO `auth_permission` VALUES (32,'Can change task state',11,'change_taskmeta');
INSERT INTO `auth_permission` VALUES (33,'Can delete task state',11,'delete_taskmeta');
INSERT INTO `auth_permission` VALUES (34,'Can add saved group result',12,'add_tasksetmeta');
INSERT INTO `auth_permission` VALUES (35,'Can change saved group result',12,'change_tasksetmeta');
INSERT INTO `auth_permission` VALUES (36,'Can delete saved group result',12,'delete_tasksetmeta');
INSERT INTO `auth_permission` VALUES (37,'Can add interval',13,'add_intervalschedule');
INSERT INTO `auth_permission` VALUES (38,'Can change interval',13,'change_intervalschedule');
INSERT INTO `auth_permission` VALUES (39,'Can delete interval',13,'delete_intervalschedule');
INSERT INTO `auth_permission` VALUES (40,'Can add crontab',14,'add_crontabschedule');
INSERT INTO `auth_permission` VALUES (41,'Can change crontab',14,'change_crontabschedule');
INSERT INTO `auth_permission` VALUES (42,'Can delete crontab',14,'delete_crontabschedule');
INSERT INTO `auth_permission` VALUES (43,'Can add periodic tasks',15,'add_periodictasks');
INSERT INTO `auth_permission` VALUES (44,'Can change periodic tasks',15,'change_periodictasks');
INSERT INTO `auth_permission` VALUES (45,'Can delete periodic tasks',15,'delete_periodictasks');
INSERT INTO `auth_permission` VALUES (46,'Can add periodic task',16,'add_periodictask');
INSERT INTO `auth_permission` VALUES (47,'Can change periodic task',16,'change_periodictask');
INSERT INTO `auth_permission` VALUES (48,'Can delete periodic task',16,'delete_periodictask');
INSERT INTO `auth_permission` VALUES (49,'Can add worker',17,'add_workerstate');
INSERT INTO `auth_permission` VALUES (50,'Can change worker',17,'change_workerstate');
INSERT INTO `auth_permission` VALUES (51,'Can delete worker',17,'delete_workerstate');
INSERT INTO `auth_permission` VALUES (52,'Can add task',18,'add_taskstate');
INSERT INTO `auth_permission` VALUES (53,'Can change task',18,'change_taskstate');
INSERT INTO `auth_permission` VALUES (54,'Can delete task',18,'delete_taskstate');
/*!40000 ALTER TABLE `auth_permission` ENABLE KEYS */;
UNLOCK TABLES;

--
-- Table structure for table `auth_user`
--

DROP TABLE IF EXISTS `auth_user`;
/*!40101 SET @saved_cs_client     = @@character_set_client */;
/*!40101 SET character_set_client = utf8 */;
CREATE TABLE `auth_user` (
  `id` int(11) NOT NULL AUTO_INCREMENT,
  `username` varchar(30) NOT NULL,
  `first_name` varchar(30) NOT NULL,
  `last_name` varchar(30) NOT NULL,
  `email` varchar(75) NOT NULL,
  `password` varchar(128) NOT NULL,
  `is_staff` tinyint(1) NOT NULL,
  `is_active` tinyint(1) NOT NULL,
  `is_superuser` tinyint(1) NOT NULL,
  `last_login` datetime NOT NULL,
  `date_joined` datetime NOT NULL,
  PRIMARY KEY (`id`),
  UNIQUE KEY `username` (`username`)
) ENGINE=MyISAM AUTO_INCREMENT=25 DEFAULT CHARSET=latin1;
/*!40101 SET character_set_client = @saved_cs_client */;

--
-- Dumping data for table `auth_user`
--

LOCK TABLES `auth_user` WRITE;
/*!40000 ALTER TABLE `auth_user` DISABLE KEYS */;
INSERT INTO `auth_user` VALUES (1,'b87b0526b25b488bb626e1adcea989','','','','!',0,1,0,'2014-03-07 10:40:31','2014-03-06 13:48:21');
INSERT INTO `auth_user` VALUES (2,'Kangism','Wei','Kang at NUS','','!',0,1,0,'2014-05-29 02:45:20','2014-03-06 15:04:01');
INSERT INTO `auth_user` VALUES (3,'236b6d952f3c43769334396df8828b','','','','!',0,1,0,'2014-03-07 05:43:35','2014-03-06 15:26:51');
INSERT INTO `auth_user` VALUES (4,'a0e6fe2d141b4901925f2faf0ac1ef','','','','!',0,1,0,'2014-03-11 05:54:03','2014-03-08 07:57:04');
INSERT INTO `auth_user` VALUES (5,'Asher43391258','Asher','','','!',0,1,0,'2014-05-06 09:59:38','2014-03-10 02:53:16');
INSERT INTO `auth_user` VALUES (6,'akhtung','Anthony','Tung','','!',0,1,0,'2014-05-23 06:10:19','2014-03-10 14:44:50');
INSERT INTO `auth_user` VALUES (7,'LiXinyu1','Li','Xinyu','','!',0,1,0,'2014-03-26 12:23:31','2014-03-11 10:06:20');
INSERT INTO `auth_user` VALUES (8,'songqiyue','Qiyue','','','!',0,1,0,'2014-04-04 09:40:04','2014-03-11 11:50:28');
INSERT INTO `auth_user` VALUES (9,'757e83bab71445239081a34628d189','','','','!',0,1,0,'2014-03-11 16:12:18','2014-03-11 16:12:18');
INSERT INTO `auth_user` VALUES (10,'lishaohuan','Shaohuan','Li','','!',0,1,0,'2014-03-11 16:37:12','2014-03-11 16:37:12');
INSERT INTO `auth_user` VALUES (11,'ViSenze','ViSenze','','','!',0,1,0,'2014-03-17 04:00:02','2014-03-17 04:00:02');
INSERT INTO `auth_user` VALUES (12,'5e3ad6593d8f4c999b05c8795f501d','','','','!',0,1,0,'2014-03-20 04:29:00','2014-03-20 04:29:00');
INSERT INTO `auth_user` VALUES (13,'parkerzf','zhao','feng','','!',0,1,0,'2014-03-26 13:02:18','2014-03-20 12:20:29');
INSERT INTO `auth_user` VALUES (14,'YaoChangPKU','YaoChang','','','!',0,1,0,'2014-03-21 07:03:33','2014-03-21 07:03:33');
INSERT INTO `auth_user` VALUES (15,'DingyuYang1','DingyuYang','','','!',0,1,0,'2014-03-26 12:59:14','2014-03-26 12:59:14');
INSERT INTO `auth_user` VALUES (16,'e227e798886548efb07725b2db3485','','','','!',0,1,0,'2014-03-27 08:01:47','2014-03-27 08:01:47');
INSERT INTO `auth_user` VALUES (17,'yvesxie','yves','xie','','!',0,1,0,'2014-04-01 21:02:32','2014-04-01 21:02:32');
INSERT INTO `auth_user` VALUES (18,'shubham_goyal','Shubham','Goyal','','!',0,1,0,'2014-05-23 10:25:24','2014-05-06 10:00:18');
INSERT INTO `auth_user` VALUES (19,'jae_bes','Ramon','Bespinyowong','','!',0,1,0,'2014-05-12 03:01:55','2014-05-12 03:01:55');
INSERT INTO `auth_user` VALUES (20,'theRealAkshay','Akshay','Viswanathan','','!',0,1,0,'2014-05-13 19:24:01','2014-05-13 19:24:01');
INSERT INTO `auth_user` VALUES (21,'zhuliang_11','Zhu','Liang','','!',0,1,0,'2014-05-14 11:24:01','2014-05-14 11:24:01');
INSERT INTO `auth_user` VALUES (22,'spgoyal','SP','Goyal','','!',0,1,0,'2014-05-17 06:57:34','2014-05-17 06:57:34');
INSERT INTO `auth_user` VALUES (23,'hachat1','Chathuranga','','','!',0,1,0,'2014-05-19 17:18:18','2014-05-19 17:18:18');
INSERT INTO `auth_user` VALUES (24,'vers_la_flamme','Gao','Yuan ','','!',0,1,0,'2014-05-24 08:17:00','2014-05-24 08:17:00');
/*!40000 ALTER TABLE `auth_user` ENABLE KEYS */;
UNLOCK TABLES;

--
-- Table structure for table `auth_user_groups`
--

DROP TABLE IF EXISTS `auth_user_groups`;
/*!40101 SET @saved_cs_client     = @@character_set_client */;
/*!40101 SET character_set_client = utf8 */;
CREATE TABLE `auth_user_groups` (
  `id` int(11) NOT NULL AUTO_INCREMENT,
  `user_id` int(11) NOT NULL,
  `group_id` int(11) NOT NULL,
  PRIMARY KEY (`id`),
  UNIQUE KEY `user_id` (`user_id`,`group_id`),
  KEY `group_id_refs_id_f0ee9890` (`group_id`)
) ENGINE=MyISAM DEFAULT CHARSET=latin1;
/*!40101 SET character_set_client = @saved_cs_client */;

--
-- Dumping data for table `auth_user_groups`
--

LOCK TABLES `auth_user_groups` WRITE;
/*!40000 ALTER TABLE `auth_user_groups` DISABLE KEYS */;
/*!40000 ALTER TABLE `auth_user_groups` ENABLE KEYS */;
UNLOCK TABLES;

--
-- Table structure for table `auth_user_user_permissions`
--

DROP TABLE IF EXISTS `auth_user_user_permissions`;
/*!40101 SET @saved_cs_client     = @@character_set_client */;
/*!40101 SET character_set_client = utf8 */;
CREATE TABLE `auth_user_user_permissions` (
  `id` int(11) NOT NULL AUTO_INCREMENT,
  `user_id` int(11) NOT NULL,
  `permission_id` int(11) NOT NULL,
  PRIMARY KEY (`id`),
  UNIQUE KEY `user_id` (`user_id`,`permission_id`),
  KEY `permission_id_refs_id_67e79cb` (`permission_id`)
) ENGINE=MyISAM DEFAULT CHARSET=latin1;
/*!40101 SET character_set_client = @saved_cs_client */;

--
-- Dumping data for table `auth_user_user_permissions`
--

LOCK TABLES `auth_user_user_permissions` WRITE;
/*!40000 ALTER TABLE `auth_user_user_permissions` DISABLE KEYS */;
/*!40000 ALTER TABLE `auth_user_user_permissions` ENABLE KEYS */;
UNLOCK TABLES;

--
-- Table structure for table `celery_taskmeta`
--

DROP TABLE IF EXISTS `celery_taskmeta`;
/*!40101 SET @saved_cs_client     = @@character_set_client */;
/*!40101 SET character_set_client = utf8 */;
CREATE TABLE `celery_taskmeta` (
  `id` int(11) NOT NULL AUTO_INCREMENT,
  `task_id` varchar(255) NOT NULL,
  `status` varchar(50) NOT NULL,
  `result` longtext,
  `date_done` datetime NOT NULL,
  `traceback` longtext,
  `hidden` tinyint(1) NOT NULL,
  `meta` longtext,
  PRIMARY KEY (`id`),
  UNIQUE KEY `task_id` (`task_id`)
) ENGINE=MyISAM DEFAULT CHARSET=latin1;
/*!40101 SET character_set_client = @saved_cs_client */;

--
-- Dumping data for table `celery_taskmeta`
--

LOCK TABLES `celery_taskmeta` WRITE;
/*!40000 ALTER TABLE `celery_taskmeta` DISABLE KEYS */;
/*!40000 ALTER TABLE `celery_taskmeta` ENABLE KEYS */;
UNLOCK TABLES;

--
-- Table structure for table `celery_tasksetmeta`
--

DROP TABLE IF EXISTS `celery_tasksetmeta`;
/*!40101 SET @saved_cs_client     = @@character_set_client */;
/*!40101 SET character_set_client = utf8 */;
CREATE TABLE `celery_tasksetmeta` (
  `id` int(11) NOT NULL AUTO_INCREMENT,
  `taskset_id` varchar(255) NOT NULL,
  `result` longtext NOT NULL,
  `date_done` datetime NOT NULL,
  `hidden` tinyint(1) NOT NULL,
  PRIMARY KEY (`id`),
  UNIQUE KEY `taskset_id` (`taskset_id`)
) ENGINE=MyISAM DEFAULT CHARSET=latin1;
/*!40101 SET character_set_client = @saved_cs_client */;

--
-- Dumping data for table `celery_tasksetmeta`
--

LOCK TABLES `celery_tasksetmeta` WRITE;
/*!40000 ALTER TABLE `celery_tasksetmeta` DISABLE KEYS */;
/*!40000 ALTER TABLE `celery_tasksetmeta` ENABLE KEYS */;
UNLOCK TABLES;

--
-- Table structure for table `django_admin_log`
--

DROP TABLE IF EXISTS `django_admin_log`;
/*!40101 SET @saved_cs_client     = @@character_set_client */;
/*!40101 SET character_set_client = utf8 */;
CREATE TABLE `django_admin_log` (
  `id` int(11) NOT NULL AUTO_INCREMENT,
  `action_time` datetime NOT NULL,
  `user_id` int(11) NOT NULL,
  `content_type_id` int(11) DEFAULT NULL,
  `object_id` longtext,
  `object_repr` varchar(200) NOT NULL,
  `action_flag` smallint(5) unsigned NOT NULL,
  `change_message` longtext NOT NULL,
  PRIMARY KEY (`id`),
  KEY `user_id_refs_id_c8665aa` (`user_id`),
  KEY `content_type_id_refs_id_288599e6` (`content_type_id`)
) ENGINE=MyISAM DEFAULT CHARSET=latin1;
/*!40101 SET character_set_client = @saved_cs_client */;

--
-- Dumping data for table `django_admin_log`
--

LOCK TABLES `django_admin_log` WRITE;
/*!40000 ALTER TABLE `django_admin_log` DISABLE KEYS */;
/*!40000 ALTER TABLE `django_admin_log` ENABLE KEYS */;
UNLOCK TABLES;

--
-- Table structure for table `django_content_type`
--

DROP TABLE IF EXISTS `django_content_type`;
/*!40101 SET @saved_cs_client     = @@character_set_client */;
/*!40101 SET character_set_client = utf8 */;
CREATE TABLE `django_content_type` (
  `id` int(11) NOT NULL AUTO_INCREMENT,
  `name` varchar(100) NOT NULL,
  `app_label` varchar(100) NOT NULL,
  `model` varchar(100) NOT NULL,
  PRIMARY KEY (`id`),
  UNIQUE KEY `app_label` (`app_label`,`model`)
) ENGINE=MyISAM AUTO_INCREMENT=19 DEFAULT CHARSET=latin1;
/*!40101 SET character_set_client = @saved_cs_client */;

--
-- Dumping data for table `django_content_type`
--

LOCK TABLES `django_content_type` WRITE;
/*!40000 ALTER TABLE `django_content_type` DISABLE KEYS */;
INSERT INTO `django_content_type` VALUES (1,'permission','auth','permission');
INSERT INTO `django_content_type` VALUES (2,'group','auth','group');
INSERT INTO `django_content_type` VALUES (3,'user','auth','user');
INSERT INTO `django_content_type` VALUES (4,'content type','contenttypes','contenttype');
INSERT INTO `django_content_type` VALUES (5,'session','sessions','session');
INSERT INTO `django_content_type` VALUES (6,'site','sites','site');
INSERT INTO `django_content_type` VALUES (7,'log entry','admin','logentry');
INSERT INTO `django_content_type` VALUES (8,'user social auth','social_auth','usersocialauth');
INSERT INTO `django_content_type` VALUES (9,'nonce','social_auth','nonce');
INSERT INTO `django_content_type` VALUES (10,'association','social_auth','association');
INSERT INTO `django_content_type` VALUES (11,'task state','djcelery','taskmeta');
INSERT INTO `django_content_type` VALUES (12,'saved group result','djcelery','tasksetmeta');
INSERT INTO `django_content_type` VALUES (13,'interval','djcelery','intervalschedule');
INSERT INTO `django_content_type` VALUES (14,'crontab','djcelery','crontabschedule');
INSERT INTO `django_content_type` VALUES (15,'periodic tasks','djcelery','periodictasks');
INSERT INTO `django_content_type` VALUES (16,'periodic task','djcelery','periodictask');
INSERT INTO `django_content_type` VALUES (17,'worker','djcelery','workerstate');
INSERT INTO `django_content_type` VALUES (18,'task','djcelery','taskstate');
/*!40000 ALTER TABLE `django_content_type` ENABLE KEYS */;
UNLOCK TABLES;

--
-- Table structure for table `django_session`
--

DROP TABLE IF EXISTS `django_session`;
/*!40101 SET @saved_cs_client     = @@character_set_client */;
/*!40101 SET character_set_client = utf8 */;
CREATE TABLE `django_session` (
  `session_key` varchar(40) NOT NULL,
  `session_data` longtext NOT NULL,
  `expire_date` datetime NOT NULL,
  PRIMARY KEY (`session_key`)
) ENGINE=MyISAM DEFAULT CHARSET=latin1;
/*!40101 SET character_set_client = @saved_cs_client */;

--
-- Dumping data for table `django_session`
--

LOCK TABLES `django_session` WRITE;
/*!40000 ALTER TABLE `django_session` DISABLE KEYS */;
INSERT INTO `django_session` VALUES ('ea974b93555c01b7b93d04906c811adf','Mzc5NWYwODE2OGZmMmEyMmFmMDU2Mjg1OGNlM2RjNjYyZThmM2EzYTqAAn1xAShVHnR3aXR0ZXJ1\nbmF1dGhvcml6ZWRfdG9rZW5fbmFtZXECXXEDKFWSb2F1dGhfdG9rZW5fc2VjcmV0PUJISmhlNEpK\nRUo4aFh4Q3l6Tk1jN080Q1FCQWU2UlNVVjFwOUZHSHZVJm9hdXRoX3Rva2VuPUQ2eDlBR29Mb21t\nNE1ITGd1dnlaVkNsV1VLMWhKZUVNN3VkQVhtT1BKQ2cmb2F1dGhfY2FsbGJhY2tfY29uZmlybWVk\nPXRydWVxBFWSb2F1dGhfdG9rZW5fc2VjcmV0PWFPS3NKNVpoR1EzQVg2V3FNTFROWTNaVTRlVnQ4\nelFWTzVQb3BUSEhlcyZvYXV0aF90b2tlbj1BOUZvaXBPUHB1TGhaTFlaWEZvNXpqOTBzS0ZJRDVl\nSTVrcEdMZ2dCSXcmb2F1dGhfY2FsbGJhY2tfY29uZmlybWVkPXRydWVxBWVVC3dlaWJvX3N0YXRl\ncQZVIGtzRVVEUmw3NUJ1Z2E0UkZOY1FWY1Z5OGdYcm9UUWJPcQd1Lg==\n','2014-03-20 13:06:16');
INSERT INTO `django_session` VALUES ('a9947469e797ba670e86f616ff34f843','ZWQ4NGQ2ZDA4NGYwZTIxZjY3ZTQwMmMxMTJmMWU3NWYyZWEzNjQxYjqAAn1xAShVHnNvY2lhbF9h\ndXRoX2xhc3RfbG9naW5fYmFja2VuZHECVQV3ZWlib3EDVRJfYXV0aF91c2VyX2JhY2tlbmRxBFUv\nc29jaWFsX2F1dGguYmFja2VuZHMuY29udHJpYi53ZWliby5XZWlib0JhY2tlbmRxBVULd2VpYm9f\nc3RhdGVxBlUgenJ5b2JMeTVMR0xUTW5pVloyNkRpVFpVU3dHM0NFUUxxB1UNX2F1dGhfdXNlcl9p\nZHEIigEDdS4=\n','2014-03-20 15:26:51');
INSERT INTO `django_session` VALUES ('0ad558cb42217f75835eb8b48bb36214','ODg4MTM4MWEwNzMzMjE5YmEwNzE4OGRmNDA0ZTY1YjliYzljMjhlYjqAAn1xAShVHnNvY2lhbF9h\ndXRoX2xhc3RfbG9naW5fYmFja2VuZHECWAcAAAB0d2l0dGVycQNVHnR3aXR0ZXJ1bmF1dGhvcml6\nZWRfdG9rZW5fbmFtZXEEXXEFVRJfYXV0aF91c2VyX2JhY2tlbmRxBlUrc29jaWFsX2F1dGguYmFj\na2VuZHMudHdpdHRlci5Ud2l0dGVyQmFja2VuZHEHVQ1fYXV0aF91c2VyX2lkcQiKAQJ1Lg==\n','2014-03-20 15:10:24');
INSERT INTO `django_session` VALUES ('429e9e5066d43ea06152ee61bd602eb3','MjYzZjJjMWY5ZTk5OWFiNWNlMzYyYTU3MmViYjFkOWU5OTRlZDNjMDqAAn1xAShVHnNvY2lhbF9h\ndXRoX2xhc3RfbG9naW5fYmFja2VuZHECWAcAAAB0d2l0dGVycQNVHnR3aXR0ZXJ1bmF1dGhvcml6\nZWRfdG9rZW5fbmFtZXEEXXEFKFWSb2F1dGhfdG9rZW5fc2VjcmV0PXdXYlhRZzdINTlFR1BIa2xz\nV2xmV2Z0bE5jQ0Jic0h1Q1lOYnBYOXhzdyZvYXV0aF90b2tlbj1pQ1NXaFg5UlpOVUVEek5XOTBG\nYjFSeWJCbXVlMzdSMFUxT3NrSUN2MVEmb2F1dGhfY2FsbGJhY2tfY29uZmlybWVkPXRydWVxBlWS\nb2F1dGhfdG9rZW5fc2VjcmV0PVdIQ2VpaFA2em9iVXdLd1A2YWQ5b1h2Q1lWRG5oeWw2N05ha1Jn\nM0JxUzgmb2F1dGhfdG9rZW49V2dsYlY5SElFM2lrVHVXWXFlWGlvZUdMVkY1WDU2UGl0OXFsY2hm\nUkUmb2F1dGhfY2FsbGJhY2tfY29uZmlybWVkPXRydWVxB2VVEl9hdXRoX3VzZXJfYmFja2VuZHEI\nVStzb2NpYWxfYXV0aC5iYWNrZW5kcy50d2l0dGVyLlR3aXR0ZXJCYWNrZW5kcQlVDV9hdXRoX3Vz\nZXJfaWRxCooBBnUu\n','2014-03-28 06:30:06');
INSERT INTO `django_session` VALUES ('d0abe0fef74ba9f4bd0eaec6c4740c8f','MjA4YWVjNDBkMjNlNzg0Y2I5NGQ1MGQ2YWQ0ZDEzZGM2ODQxMmIzZDqAAn1xAVUedHdpdHRlcnVu\nYXV0aG9yaXplZF90b2tlbl9uYW1lcQJdcQMoVZNvYXV0aF90b2tlbl9zZWNyZXQ9RDRMSnYzRTZH\nQnA3ZVZJV0kyMFpJWFZnNDQ2TDNYaXRvdHRZWFNjbXdtOCZvYXV0aF90b2tlbj1LNmFacjlGcGtZ\naWM1SE1iTU4zeWQ2ZHZ2MUlWRXdBanNMNWV6dEJIS0Emb2F1dGhfY2FsbGJhY2tfY29uZmlybWVk\nPXRydWVxBFWQb2F1dGhfdG9rZW5fc2VjcmV0PWpUd2pVT3FtQ3pzZjJZWjJidzUwUG54UUZBNVFT\nY2tHV2pmMkQ5Y1Emb2F1dGhfdG9rZW49TEtzMXpNQjUxZHlLZXZkb3QzN1VBYmVoSllDSXdOSnpz\nSWVzU3FSUkNrJm9hdXRoX2NhbGxiYWNrX2NvbmZpcm1lZD10cnVlcQVlcy4=\n','2014-03-21 08:38:21');
INSERT INTO `django_session` VALUES ('1d81bc60cf6363842f82721d8944603a','YmM4MmVmYmQyOWJhZjRmN2M4OWI0ZDI4MzAzN2M3ZWI0YzAxOWRlNTqAAn1xAVULd2VpYm9fc3Rh\ndGVxAlUgTkxSczQ3cVVsYUg2bFBGV05Qblk4R3FXMFhDV2JrUlJxA3Mu\n','2014-03-23 23:31:35');
INSERT INTO `django_session` VALUES ('6225a639b61f2d208edcb5b1101ae205','OTlhNmU1NmU1ZmM1M2NkNzY4NDY2NDlkMmM2ZTk3MGQ2ZDVkNjY4ZDqAAn1xAVUedHdpdHRlcnVu\nYXV0aG9yaXplZF90b2tlbl9uYW1lcQJdcQNVkm9hdXRoX3Rva2VuX3NlY3JldD05cWdteUFIUHll\nZ1pZZ3dUb0V0bVdLS1k2YlJWOGZUbTRMeUwyYXFrMGMmb2F1dGhfdG9rZW49Nm1DdDdicVZ5QXNh\nVEcyMnE2WDd4TW9YaWxWRmJlZnRNNG5mUFFSa2JzJm9hdXRoX2NhbGxiYWNrX2NvbmZpcm1lZD10\ncnVlcQRhcy4=\n','2014-03-23 23:31:40');
INSERT INTO `django_session` VALUES ('86ca1ecb45e8bd6a6decca90848741b1','M2FmNTllNTMzZmI5NmM4N2ExM2QzYjUwYzdjZjFlNzlkMDhiNjkzNzqAAn1xAVUedHdpdHRlcnVu\nYXV0aG9yaXplZF90b2tlbl9uYW1lcQJdcQMoVZNvYXV0aF90b2tlbl9zZWNyZXQ9VzRKQXl3eGpw\nV3lFSW5nUjZnQW40S3o3ZTdEZGpoc090ZXBBbE9Tc2Q1dyZvYXV0aF90b2tlbj1Idkc2bGppekFD\nQXJrdTFwS1dzUFV0dEVoVmRLdG9OSjhiU2t5Z3g5ancmb2F1dGhfY2FsbGJhY2tfY29uZmlybWVk\nPXRydWVxBFWQb2F1dGhfdG9rZW5fc2VjcmV0PU5sNGN4TWhlRThtUkNwU0hjaXRUZE9UZEE1NFl6\ncDh3cER0S0VSZG8mb2F1dGhfdG9rZW49amhTZWZ3YlVoTHFjblVhRWNPUE1tajY5RFRaVVY4RDJ2\ncjR2UEoyMjY4Jm9hdXRoX2NhbGxiYWNrX2NvbmZpcm1lZD10cnVlcQVVkm9hdXRoX3Rva2VuX3Nl\nY3JldD1kSEUyU0hQOElFeTJYdjF3QWJjNDl5MmlHTldmN2s3UWtNekhQZm4waE53Jm9hdXRoX3Rv\na2VuPU1oZG5kU1I2dFp3SXBkQmZIWHE0Rk5KSUplM3RHNkt3OVgxeWpmVWVrJm9hdXRoX2NhbGxi\nYWNrX2NvbmZpcm1lZD10cnVlcQZVk29hdXRoX3Rva2VuX3NlY3JldD1CMEFVNjdJWFpIVW9pRExx\ncHdJR3JNZXdnVnZ2YmdXZ256UWFJRnRpcTAmb2F1dGhfdG9rZW49TTAwMUV5VTBmWjRxNjM4ZG9y\ndEJLajhuMXhVa0dCcEtGb0NkaUxZTHVEQSZvYXV0aF9jYWxsYmFja19jb25maXJtZWQ9dHJ1ZXEH\nVZJvYXV0aF90b2tlbl9zZWNyZXQ9SXJwN2Q1djFmRlNlY0UwSjRzRGxWNXRzUGIyclhmV0V1dTM5\ncXIwbEkmb2F1dGhfdG9rZW49azBjTjVZM215Y2t2YkltUVRMSTlOSFVQdGR0enNLZnpmeTBOQTdh\nZk9wRSZvYXV0aF9jYWxsYmFja19jb25maXJtZWQ9dHJ1ZXEIZXMu\n','2014-03-21 08:48:17');
INSERT INTO `django_session` VALUES ('c746a6f791a5ff4fcdce4832eaf7f9d3','YTBiOTdjNThhMzBjNjYyYzhmYWM0YjUzZWVmNzk0YWE0YzRjYzMyMTqAAn1xAShVHnR3aXR0ZXJ1\nbmF1dGhvcml6ZWRfdG9rZW5fbmFtZXECXXEDKFWLb2F1dGhfdG9rZW5fc2VjcmV0PUZqUlZUcWNC\nUGxaRkFQakp6OFRnRm8zV1FRbU5SZ21pNGEzNGdFJm9hdXRoX3Rva2VuPXI1bXRzYWpjTFU4NTcz\nWmpPZzVLbURhYThKZUxkMUlGWE43cmVpdyZvYXV0aF9jYWxsYmFja19jb25maXJtZWQ9dHJ1ZXEE\nVZBvYXV0aF90b2tlbl9zZWNyZXQ9alhHMHNBR3o3bFFtWEhsYnpyWDU0ZDJ2emI1ejF0c3dXQUR5\ndjZMWDAmb2F1dGhfdG9rZW49a0hKUDRMcjdSQkk5MGF1QzJhOU1ycFFBelRmVWNqcURQZXdhZmQ5\nU0Umb2F1dGhfY2FsbGJhY2tfY29uZmlybWVkPXRydWVxBVWRb2F1dGhfdG9rZW5fc2VjcmV0PVNi\nRXlzclNkYW1ONlNhS0hTeEtTakVFYlM5Nzg0NHYweVNKSTJtdjVzJm9hdXRoX3Rva2VuPXNKSmli\nTGlZdUlOWnB0Z29yTWRwbk5WU0ZnS254WGtESTBqeXlTQUJVayZvYXV0aF9jYWxsYmFja19jb25m\naXJtZWQ9dHJ1ZXEGZVULd2VpYm9fc3RhdGVxB1UgbWQ5Q21qVWFmaFZkc1l2Y2hFWlF0RzJJdmpF\naFg0eG9xCHUu\n','2014-03-23 11:12:30');
INSERT INTO `django_session` VALUES ('3f4930ef92786860512556ff89ea85b4','NTY3OGU5NDE3N2I1OGNiZDA0ZDZkNGQ5MzRkOGEyYWYzNWNhNDQ5MzqAAn1xAShVHnR3aXR0ZXJ1\nbmF1dGhvcml6ZWRfdG9rZW5fbmFtZXECXXEDKFWQb2F1dGhfdG9rZW5fc2VjcmV0PW5BUEk1bEFs\nUEI3aEUwejlERDRDZmpQSVVjYXdIb3dzMEdEVm5lUkNRaFUmb2F1dGhfdG9rZW49V0RyOHRBZWVy\nMTlJYW5PaEF2UWRicWQyRGIzdVRmemhtWFF4MENZJm9hdXRoX2NhbGxiYWNrX2NvbmZpcm1lZD10\ncnVlcQRVk29hdXRoX3Rva2VuX3NlY3JldD1WYjZRZmw2ZGNFdlhRQU54YjdPa21CYjEwcm9KOEZp\nT3dLZ3JkNHBXa1Umb2F1dGhfdG9rZW49dTZzajJoRTd3TDliMnlSYUFOdFdObXVoTkV0Ykk0UWdK\nRElRb1BVU3R5cyZvYXV0aF9jYWxsYmFja19jb25maXJtZWQ9dHJ1ZXEFVY1vYXV0aF90b2tlbl9z\nZWNyZXQ9b1plb3A0TjBtcFVpOVljWHA1aVpRa2Y4S2d1NWE2WTg3VFZqbFEmb2F1dGhfdG9rZW49\nMGNvcDdnd2FLRWxBTzRNN0lFUFIwTDk4WUJzUDN3MjJTcXpINVp0V3Mmb2F1dGhfY2FsbGJhY2tf\nY29uZmlybWVkPXRydWVxBlWRb2F1dGhfdG9rZW5fc2VjcmV0PWVISmVYVDBzQlI5Q2lFaUJOdFFp\nOTJmU2IzWXA3WjRXR0FBUUttWkFzVSZvYXV0aF90b2tlbj1ocHlnWmlLaG50NXBLMHh2OUV0dVNp\nR28xMDRiTGd3ODU4cVE1NjN5USZvYXV0aF9jYWxsYmFja19jb25maXJtZWQ9dHJ1ZXEHVZFvYXV0\naF90b2tlbl9zZWNyZXQ9ejRwaUM2bkZhczlWTW1kd1FYWWFnTFlDeE9EYnVjQzNBcGk5enBsRGZF\nJm9hdXRoX3Rva2VuPURpbUJsZERVcDNHS3JySlBndGNFcDBMbVhnMGlzbGpDRGlBZ3dGRzJnJm9h\ndXRoX2NhbGxiYWNrX2NvbmZpcm1lZD10cnVlcQhVkm9hdXRoX3Rva2VuX3NlY3JldD01eXJyUWtD\nZTZJSTJqNWZSS1oxd0ZDbmtNbE8xbXBHajU2bE5DMWlOd3cmb2F1dGhfdG9rZW49dDd2cE1XUEhp\nblJwd1o0THJVcDd3Q051d056dW9tcXQ3cnBlTUZ4clE4Jm9hdXRoX2NhbGxiYWNrX2NvbmZpcm1l\nZD10cnVlcQllVQt3ZWlib19zdGF0ZXEKVSB0U2dSc2tVekpwT1NZajA2Y0FNeXhOaVI3RVRsd3o1\nSnELdS4=\n','2014-03-21 08:44:48');
INSERT INTO `django_session` VALUES ('a354a5ed67bb19c82bac4575ca7489f8','NzYyNzY4YzdmODgwOGQzYzZhZTdlZmQyZWVkYjdlZjg1MGUyNjYzNDqAAn1xAShVHnR3aXR0ZXJ1\nbmF1dGhvcml6ZWRfdG9rZW5fbmFtZXECXXEDKFWSb2F1dGhfdG9rZW5fc2VjcmV0PXNLWDdmVXhm\nUklzMUZQQXhObENJZkhKalphWkJVblBZUk03R1liWGN5OCZvYXV0aF90b2tlbj1JMzJ6aWh4OWtW\nN09EakZWTG5CTjZGWWhWTUMzaTFCNThubFZlc1N5VDgmb2F1dGhfY2FsbGJhY2tfY29uZmlybWVk\nPXRydWVxBFWUb2F1dGhfdG9rZW5fc2VjcmV0PXpzeWxjb3FoWjJSUWVzWDZBMUs2dTBsTG9CQVhj\nMDVlZWFzcHVDWnF3MzAmb2F1dGhfdG9rZW49dWxQc0tOT044SzVMVm5Zc3hjQWlMZnRFTDh1THFY\nMHludk5PQkFubjFjVSZvYXV0aF9jYWxsYmFja19jb25maXJtZWQ9dHJ1ZXEFZVULd2VpYm9fc3Rh\ndGVxBlUgWHJYYTFyOEtvUGhYRU1BSmtkeUVSY0pPZkZMQ3h0Z1hxB3Uu\n','2014-03-21 08:46:05');
INSERT INTO `django_session` VALUES ('3fa75f3d142ce5f58181e7e879ec6c41','NTAxNzk3ZTExNmEyZDY0Mzc4YTlkNDc4N2EzNGMxNWE3MDQ3Nzc0YTqAAn1xAS4=\n','2014-03-21 10:43:07');
INSERT INTO `django_session` VALUES ('d9ccb07dea74977aded68305cbcdc89f','NWFlODNkMTZiNTMyOGNjMmY2YjlkN2IxMzA2MTJmMmFhMjMwZjk5MjqAAn1xAVULd2VpYm9fc3Rh\ndGVxAlUgUEtTTGtXOGlsWTM1MUtQNlpSQmpxazhHNU9aV1NKSGtxA3Mu\n','2014-03-22 02:57:18');
INSERT INTO `django_session` VALUES ('0de33fecc5e7e5ff5ca912555ef71c84','ZjY1ZDY3ZWUwNjI1ZmVhYmFiY2M4OWNiY2E4NzFmMmE3YWFmY2FiNTqAAn1xAVUedHdpdHRlcnVu\nYXV0aG9yaXplZF90b2tlbl9uYW1lcQJdcQNVkm9hdXRoX3Rva2VuX3NlY3JldD1lblk4Qzh4MkRE\nakJwTVVYQUx0NkdHWjlUSGxSZENjZTVKcjg3TmVaTncmb2F1dGhfdG9rZW49aVJYeFhwb2RWaU5C\nZHQxV3JUSzBzSTdrdU5MekxwY2l1WXdZSG5tZEt3Jm9hdXRoX2NhbGxiYWNrX2NvbmZpcm1lZD10\ncnVlcQRhcy4=\n','2014-03-26 07:29:34');
INSERT INTO `django_session` VALUES ('4ebc3e2c6c96fa86fa0dfddeb7ecbf0f','Y2Q4ZDBkN2RkZmYyZWJkNGE4OTVkNmFlMzk4ODZjYzRhY2RjYTQ4YTqAAn1xAVULd2VpYm9fc3Rh\ndGVxAlUgVkhTWFh6MEU3OG9ScmtqQUFreUliaHh3bXhjdmxGbkZxA3Mu\n','2014-04-06 03:26:09');
INSERT INTO `django_session` VALUES ('93a8e6c2f2964fb41dbff2b4f872b215','ZWU5ZGQ2MWRmMzRiNzNiMmFlMDQ0NWJkZTYwYzc5ZjliMzY1YTBhZDqAAn1xAVULd2VpYm9fc3Rh\ndGVxAlUgd1F6Tnc0TlV1Rm51OUJpc09RY21mQmM2M1Y5QjRibThxA3Mu\n','2014-03-28 00:28:39');
INSERT INTO `django_session` VALUES ('ec1970b16779c1fb02d6f74bb41b275f','NWQxZThlMTJkMzIwMmYyNWI4OWNkYTEwY2MxYWNmMjg2NGEyMzA3ZjqAAn1xAVULd2VpYm9fc3Rh\ndGVxAlUgZUcxOVJVQlY2MzQ5UDFuZlB1M2VMY0MzTUdwRnBWNkpxA3Mu\n','2014-03-25 13:19:32');
INSERT INTO `django_session` VALUES ('c1cf0ed093e47ffee566a4f4f4009c07','N2UwNzk0MjcwY2ExMTZhNjkwNGE0M2E0YWZjODZjMWJjNWQyZDA1NjqAAn1xAVUedHdpdHRlcnVu\nYXV0aG9yaXplZF90b2tlbl9uYW1lcQJdcQNVkW9hdXRoX3Rva2VuX3NlY3JldD1jd29mU2c3R0tS\nOHpxU1piemVZZGhJQlNDVndtT0Myc2w0b2twWHpxYyZvYXV0aF90b2tlbj02bGpUWmtwTzVOUDMy\nTkhSUXI2bW5HWEs1QjM3VTB5ZzNyNmt3eWR3SmMmb2F1dGhfY2FsbGJhY2tfY29uZmlybWVkPXRy\ndWVxBGFzLg==\n','2014-03-25 13:19:32');
INSERT INTO `django_session` VALUES ('938b92f58d45f1782d82c3d36bb5dbc6','NzE0ZmEzNTBkZTdjMjk5OWIxMWRlMjFlMWI3YmE4MTNmZDg1NTMwYzqAAn1xAShVHnNvY2lhbF9h\ndXRoX2xhc3RfbG9naW5fYmFja2VuZHECVQd0d2l0dGVycQNVEl9hdXRoX3VzZXJfYmFja2VuZHEE\nVStzb2NpYWxfYXV0aC5iYWNrZW5kcy50d2l0dGVyLlR3aXR0ZXJCYWNrZW5kcQVVHnR3aXR0ZXJ1\nbmF1dGhvcml6ZWRfdG9rZW5fbmFtZXEGXXEHVZRvYXV0aF90b2tlbl9zZWNyZXQ9d0ZXeHg0MVNC\ncmVTdGptOXdkQmkxdWVtQUhtQ1VRd0tsUUlPQzJWVGoyTSZvYXV0aF90b2tlbj1pZFNLNkdwb1VF\neFRHUEJCRmNHMEY4bDVoTVFrVWlLOFBxelJzQnZXdENrJm9hdXRoX2NhbGxiYWNrX2NvbmZpcm1l\nZD10cnVlcQhhVQt3ZWlib19zdGF0ZXEJVSAySUp4M3RqaHpqNXdhNTNNNmdFdHphVW5HUjlmV2Rj\nZXEKVQ1fYXV0aF91c2VyX2lkcQuKAQd1Lg==\n','2014-03-25 10:06:20');
INSERT INTO `django_session` VALUES ('04c12f053878acb1a03878984a517b12','OTc3NDEzMWY1NmNhMjM4ZmQ0ZTU1OTE2Yzk1OWM2Yzg1NjZiNTk0NjqAAn1xAShVHnNvY2lhbF9h\ndXRoX2xhc3RfbG9naW5fYmFja2VuZHECWAcAAAB0d2l0dGVycQNVHnR3aXR0ZXJ1bmF1dGhvcml6\nZWRfdG9rZW5fbmFtZXEEXXEFVRJfYXV0aF91c2VyX2JhY2tlbmRxBlUrc29jaWFsX2F1dGguYmFj\na2VuZHMudHdpdHRlci5Ud2l0dGVyQmFja2VuZHEHVQ1fYXV0aF91c2VyX2lkcQiKAQZ1Lg==\n','2014-03-25 12:17:42');
INSERT INTO `django_session` VALUES ('cd9f449d275566d68d6e58bf6b3fb5c2','NzUzOTAxOTc3ODUwMWY0OTRkNDI5ZDJhOTdhZGNkNGUxYTA3ZTBmZDqAAn1xAVULd2VpYm9fc3Rh\ndGVxAlUgd1RpcWNMZGRXUlVBNG9uRzJVWHJrbEdsZVpZaFhmNW9xA3Mu\n','2014-03-26 09:36:07');
INSERT INTO `django_session` VALUES ('f1c0475f6aafa55e2cdafe4c69b86f2a','ZTk4ZjlhYjdkYzczYzQ2MzFmMzFkNGFmOGQwZmM2MDQ5YjFjNmY2ZjqAAn1xAShVHnNvY2lhbF9h\ndXRoX2xhc3RfbG9naW5fYmFja2VuZHECVQV3ZWlib3EDVRJfYXV0aF91c2VyX2JhY2tlbmRxBFUv\nc29jaWFsX2F1dGguYmFja2VuZHMuY29udHJpYi53ZWliby5XZWlib0JhY2tlbmRxBVULd2VpYm9f\nc3RhdGVxBlUgNDRqcGQ4OVUwdWI2Z1NCeVFwNWJLSDYyMGZUY3p3SDNxB1UNX2F1dGhfdXNlcl9p\nZHEIigEJdS4=\n','2014-03-25 16:12:18');
INSERT INTO `django_session` VALUES ('3f16afa2293f85b95e82009cec34d343','YTc4MGU3ZDVlZDk5NTE5OWJiNjhkYzNkZTBlYWMwYzVlZDc4NWJiYzqAAn1xAShVHnNvY2lhbF9h\ndXRoX2xhc3RfbG9naW5fYmFja2VuZHECWAcAAAB0d2l0dGVycQNVHnR3aXR0ZXJ1bmF1dGhvcml6\nZWRfdG9rZW5fbmFtZXEEXXEFVRJfYXV0aF91c2VyX2JhY2tlbmRxBlUrc29jaWFsX2F1dGguYmFj\na2VuZHMudHdpdHRlci5Ud2l0dGVyQmFja2VuZHEHVQ1fYXV0aF91c2VyX2lkcQiKAQd1Lg==\n','2014-04-09 10:45:42');
INSERT INTO `django_session` VALUES ('070f4adf100fcf1988e433bf6bed47b6','MDVkNTU4YmMxNzA1N2E3MGVkYWExMDg2MDc5YmM2MjdkYTUzMjJjNzqAAn1xAShVHnNvY2lhbF9h\ndXRoX2xhc3RfbG9naW5fYmFja2VuZHECVQd0d2l0dGVycQNVHnR3aXR0ZXJ1bmF1dGhvcml6ZWRf\ndG9rZW5fbmFtZXEEXXEFVRJfYXV0aF91c2VyX2JhY2tlbmRxBlUrc29jaWFsX2F1dGguYmFja2Vu\nZHMudHdpdHRlci5Ud2l0dGVyQmFja2VuZHEHVQ1fYXV0aF91c2VyX2lkcQiKAQp1Lg==\n','2014-03-25 16:37:12');
INSERT INTO `django_session` VALUES ('893035e8d5ade432a1b6a32e6d201ebe','NzBlODg3M2RhOGZiOTdjNzhmODUyZTliMWE0NGE4NmM0YzIyNDMyNTqAAn1xAVULd2VpYm9fc3Rh\ndGVxAlUgWDduUm9GdXdob21zTTRRY21ORnNLbkRZVFlWaVdiRFlxA3Mu\n','2014-03-26 07:29:35');
INSERT INTO `django_session` VALUES ('bd045df4844bb46ca49b8776a954fd05','N2ExMDliNTIyMTc3ODRjOTBkNmQ1NDliMGIwODcyMDFjMzk1NWM1OTqAAn1xAShVHnNvY2lhbF9h\ndXRoX2xhc3RfbG9naW5fYmFja2VuZHECWAcAAAB0d2l0dGVycQNVHnR3aXR0ZXJ1bmF1dGhvcml6\nZWRfdG9rZW5fbmFtZXEEXXEFVRJfYXV0aF91c2VyX2JhY2tlbmRxBlUrc29jaWFsX2F1dGguYmFj\na2VuZHMudHdpdHRlci5Ud2l0dGVyQmFja2VuZHEHVQ1fYXV0aF91c2VyX2lkcQiKAQV1Lg==\n','2014-03-26 07:42:51');
INSERT INTO `django_session` VALUES ('1ae527e39c878cd67bf3795a30538874','NDYyYTEyYzBjYmZmMzM2N2U0NGQxNzZhNWY1YzQ2M2Q0N2IyODJkZTqAAn1xAVUedHdpdHRlcnVu\nYXV0aG9yaXplZF90b2tlbl9uYW1lcQJdcQNVkW9hdXRoX3Rva2VuX3NlY3JldD1zNDFCS3F0RUp5\nVDVGelcxVGN2Uzh1RkhXa2RlUFFDTW1BWlNvYnZBJm9hdXRoX3Rva2VuPVd2TVViZDZ4SndCbmpZ\nSHdOcUxCUUs1UGJQUEJ6NHIwWmpGaXc3aEdIcTAmb2F1dGhfY2FsbGJhY2tfY29uZmlybWVkPXRy\ndWVxBGFzLg==\n','2014-03-26 09:32:44');
INSERT INTO `django_session` VALUES ('f270c929843a4587967eab2daec85dda','ZGUzMTVhZmVmZWExYmQ4ODljMDZiZWZkZTVkYTExOGIzOWIwZGI4ODqAAn1xAShVHnNvY2lhbF9h\ndXRoX2xhc3RfbG9naW5fYmFja2VuZHECWAcAAAB0d2l0dGVycQNVHnR3aXR0ZXJ1bmF1dGhvcml6\nZWRfdG9rZW5fbmFtZXEEXXEFVRJfYXV0aF91c2VyX2JhY2tlbmRxBlUrc29jaWFsX2F1dGguYmFj\na2VuZHMudHdpdHRlci5Ud2l0dGVyQmFja2VuZHEHVQ1fYXV0aF91c2VyX2lkcQiKAQJ1Lg==\n','2014-03-26 08:14:59');
INSERT INTO `django_session` VALUES ('9c9fe8728a6a833c93263f57a62b41d9','ZGUzMTVhZmVmZWExYmQ4ODljMDZiZWZkZTVkYTExOGIzOWIwZGI4ODqAAn1xAShVHnNvY2lhbF9h\ndXRoX2xhc3RfbG9naW5fYmFja2VuZHECWAcAAAB0d2l0dGVycQNVHnR3aXR0ZXJ1bmF1dGhvcml6\nZWRfdG9rZW5fbmFtZXEEXXEFVRJfYXV0aF91c2VyX2JhY2tlbmRxBlUrc29jaWFsX2F1dGguYmFj\na2VuZHMudHdpdHRlci5Ud2l0dGVyQmFja2VuZHEHVQ1fYXV0aF91c2VyX2lkcQiKAQJ1Lg==\n','2014-03-26 08:26:57');
INSERT INTO `django_session` VALUES ('c290a4cb19bcd1177a3a764e9962ad26','ZGUzMTVhZmVmZWExYmQ4ODljMDZiZWZkZTVkYTExOGIzOWIwZGI4ODqAAn1xAShVHnNvY2lhbF9h\ndXRoX2xhc3RfbG9naW5fYmFja2VuZHECWAcAAAB0d2l0dGVycQNVHnR3aXR0ZXJ1bmF1dGhvcml6\nZWRfdG9rZW5fbmFtZXEEXXEFVRJfYXV0aF91c2VyX2JhY2tlbmRxBlUrc29jaWFsX2F1dGguYmFj\na2VuZHMudHdpdHRlci5Ud2l0dGVyQmFja2VuZHEHVQ1fYXV0aF91c2VyX2lkcQiKAQJ1Lg==\n','2014-03-26 08:26:37');
INSERT INTO `django_session` VALUES ('67f1c880365d442f0e164b41f99448b1','NzA1YzdmYTE4MzhlY2RhYWVjMzM0OTA0Njc5MzA0MzJmNzdjMmY5ZDqAAn1xAVUedHdpdHRlcnVu\nYXV0aG9yaXplZF90b2tlbl9uYW1lcQJdcQNVk29hdXRoX3Rva2VuX3NlY3JldD1JNDRQNDdFSTFS\nUUQ1SDZqT0cySFlVVFJzRFdldnI4dVVqZTh5eFNGRFEmb2F1dGhfdG9rZW49NENpWjV2S1FtR2tk\naHBxbWd4Y2VVczlDT2RZSm9GbThQVjU2TzlFeUZHRSZvYXV0aF9jYWxsYmFja19jb25maXJtZWQ9\ndHJ1ZXEEYXMu\n','2014-03-26 21:59:04');
INSERT INTO `django_session` VALUES ('bf97e67ae16bbab167a0b31faa04551d','YTc4MGU3ZDVlZDk5NTE5OWJiNjhkYzNkZTBlYWMwYzVlZDc4NWJiYzqAAn1xAShVHnNvY2lhbF9h\ndXRoX2xhc3RfbG9naW5fYmFja2VuZHECWAcAAAB0d2l0dGVycQNVHnR3aXR0ZXJ1bmF1dGhvcml6\nZWRfdG9rZW5fbmFtZXEEXXEFVRJfYXV0aF91c2VyX2JhY2tlbmRxBlUrc29jaWFsX2F1dGguYmFj\na2VuZHMudHdpdHRlci5Ud2l0dGVyQmFja2VuZHEHVQ1fYXV0aF91c2VyX2lkcQiKAQd1Lg==\n','2014-03-26 09:54:04');
INSERT INTO `django_session` VALUES ('dfbf211ac8af857b6ddc9ac1dba4a8bb','N2I0NGI5YWVhNjExYTY2MGYzMzI4OWFiMTVlZDcxMzdiMjAxZGRkYjqAAn1xAVULd2VpYm9fc3Rh\ndGVxAlUgRWNWakphTW8wU0IxYnJ6Nk81RGJ0dFJXZnUwVGM4TGpxA3Mu\n','2014-03-29 09:48:00');
INSERT INTO `django_session` VALUES ('e04763f407202d9fb972070132a82d99','NTJlZmZhNDQyYmUzODA1MDQ2NzJlM2Y5OWM3MzU4OWM0ZDRhODIxNzqAAn1xAVUedHdpdHRlcnVu\nYXV0aG9yaXplZF90b2tlbl9uYW1lcQJdcQNVkG9hdXRoX3Rva2VuX3NlY3JldD1CR1RBUzVBSnpl\nVURWcVJaZnI1RnZKdjNRMHhnb25RbGhISmdrckJFJm9hdXRoX3Rva2VuPURId1phNTB6b1hES0ho\nZDM0RjQ4cWhvbHB2MHQ1QUFYblo2dHZPUEJ5cyZvYXV0aF9jYWxsYmFja19jb25maXJtZWQ9dHJ1\nZXEEYXMu\n','2014-03-29 15:29:15');
INSERT INTO `django_session` VALUES ('04ac4f346c91f6f46b12c1694bf8b46a','MmVmOTg5ZjFkMjQ1Mjk0NzY1ODFhMWE1MmM0OGQ4MzdjNDI5ZjQyMjqAAn1xAVULd2VpYm9fc3Rh\ndGVxAlUgWjJBNHVISENCQVB0RE1ObWI0TjJrTDM5VmtJYVBWdVpxA3Mu\n','2014-03-26 21:59:05');
INSERT INTO `django_session` VALUES ('244ac44fecf6f1bf116035a8bcd9f5a7','NDM1ZTY2M2M0MTEwNGU3NjBlNjdhMTdjOTVlODkwMzgwOTg1MjAzMDqAAn1xAVUedHdpdHRlcnVu\nYXV0aG9yaXplZF90b2tlbl9uYW1lcQJdcQNVjW9hdXRoX3Rva2VuX3NlY3JldD1WZ0pvR2dtTU1k\nb2hYSGZJRmx2eDFjd294UnJoYUtyaHBBeGhtRkUmb2F1dGhfdG9rZW49RzY3RnZ3emNlT0JCT2FY\nT25yNk11a3UzQllFcm9hYVpHQjRPS29XUSZvYXV0aF9jYWxsYmFja19jb25maXJtZWQ9dHJ1ZXEE\nYXMu\n','2014-03-26 23:40:03');
INSERT INTO `django_session` VALUES ('f194b3c9431ed1d04f261d8c879dd1e8','NWNjYzJkNmRjOGFhM2U2M2EyMzI5NjQ0MTkxNzA2MjI5Yzk2YzdhNDqAAn1xAVULd2VpYm9fc3Rh\ndGVxAlUgSGxFMW9tZzZnanU1NmVxdDdySXdyaW15TlNtQld6dG1xA3Mu\n','2014-03-27 01:59:18');
INSERT INTO `django_session` VALUES ('9f4455001d5b02e917172132f5afc21f','ODg5MGQ2ZjgzYTM4ZDkzNDYyZjE4OTMzZDYyMmIwZWU2MDgzZjQxMTqAAn1xAVUedHdpdHRlcnVu\nYXV0aG9yaXplZF90b2tlbl9uYW1lcQJdcQNVkG9hdXRoX3Rva2VuX3NlY3JldD1iTWFDTFZWbE1F\naFVLVXZnVHk3TVVoQUhhT1J4ZW9rWjN2ekRXYVhqcVEmb2F1dGhfdG9rZW49dEIydWp6QjFtTnl6\nc3dJMHRZZkpucWtLWE1aZWwxUTFsNExVdUxGMCZvYXV0aF9jYWxsYmFja19jb25maXJtZWQ9dHJ1\nZXEEYXMu\n','2014-03-27 01:59:20');
INSERT INTO `django_session` VALUES ('f3acc93211e2dd357599a771835c25d1','NmNhZmVkYzhkMjJlNTgwYzYyMWEwMDgyYmRjZTYwZmNhMGNlNTU3OTqAAn1xAShVHnR3aXR0ZXJ1\nbmF1dGhvcml6ZWRfdG9rZW5fbmFtZXECXXEDVZFvYXV0aF90b2tlbl9zZWNyZXQ9dkRldFhXT3NW\nVmlmQlhZRWx3ejJlcjZkY2JBYkJYMFI5Sk15TnkyQjgmb2F1dGhfdG9rZW49TnJnRmlzNkRodXRJ\nV0o0SXdhSUJ0MlQ5ZjdBVmFoZlhKUTVpVUZPcm93Jm9hdXRoX2NhbGxiYWNrX2NvbmZpcm1lZD10\ncnVlcQRhVQt3ZWlib19zdGF0ZXEFVSBIYnVVUmV6QVdYMGVFTllRVDM0bUVkM2I5b05Sdkd2NnEG\ndS4=\n','2014-03-27 11:16:55');
INSERT INTO `django_session` VALUES ('1172fd1146a78407ec54602116c6fa51','Nzc4NTJiYzAxODhiNTUwZjQ2YzgwYTI0NzM2NWI5OTM0OTM3MmFhNDqAAn1xAVUedHdpdHRlcnVu\nYXV0aG9yaXplZF90b2tlbl9uYW1lcQJdcQNVkW9hdXRoX3Rva2VuX3NlY3JldD1jS3E4aFFKMlVG\ndmY3N2FzVHJ5NWVaVm9PQ0xKUXlOZEtscUQ4VkpTaUkmb2F1dGhfdG9rZW49YmpEVXRqaWE5M1Vx\nVHZqZndLZU52eFNOdXZ3d3NTZnlTOFZQVzdoZlEmb2F1dGhfY2FsbGJhY2tfY29uZmlybWVkPXRy\ndWVxBGFzLg==\n','2014-03-28 00:28:33');
INSERT INTO `django_session` VALUES ('aada86e758782ac74517cbc3ff7a72ed','YThkZTE5MWRmNzM2MThjYjE3YmQwZTM1NTViNjEwMTE2YTNlYzU1ZDqAAn1xAShVHnNvY2lhbF9h\ndXRoX2xhc3RfbG9naW5fYmFja2VuZHECWAcAAAB0d2l0dGVycQNVHnR3aXR0ZXJ1bmF1dGhvcml6\nZWRfdG9rZW5fbmFtZXEEXXEFVY5vYXV0aF90b2tlbl9zZWNyZXQ9ZDNtemVoNlVRTlhYRGJBWWox\neldBSDVVd0wyMGRYdDV2ZFVISjI0Jm9hdXRoX3Rva2VuPVRZcEJoVzhWaDFlNnl4bVlhVGU2cHRp\nTEZ6ZjhvamFSY0l6WXVmTWdZJm9hdXRoX2NhbGxiYWNrX2NvbmZpcm1lZD10cnVlcQZhVRJfYXV0\naF91c2VyX2JhY2tlbmRxB1Urc29jaWFsX2F1dGguYmFja2VuZHMudHdpdHRlci5Ud2l0dGVyQmFj\na2VuZHEIVQ1fYXV0aF91c2VyX2lkcQmKAQJ1Lg==\n','2014-03-27 12:05:32');
INSERT INTO `django_session` VALUES ('ac6e393f6004fb00a13fbaa1600c7293','NTUzYWQ2MmMwM2Y4OGU1OTNhMzYyYzBjMTEyNDRlMmNhODAzNTg5ODqAAn1xAS4=\n','2014-03-28 17:27:12');
INSERT INTO `django_session` VALUES ('29f894d54efd67d1bd75b1e4d04050b0','NjA1NTJkY2EyODQ5MTIzMDAxYWJiOWY0ZDIyYzc0NjNkZTcyZGQ4ZDqAAn1xAVUedHdpdHRlcnVu\nYXV0aG9yaXplZF90b2tlbl9uYW1lcQJdcQNVkm9hdXRoX3Rva2VuX3NlY3JldD14QnZBTHQwNlAx\nZnJHT1owcU1XUHpUMEVIOUE2RnEyOXI5UHk0eU1ZQTRFJm9hdXRoX3Rva2VuPWJ0UklyNktyMldp\nOExvOGJVbEczcGdacEpxeGdPSmRXclZ3Qk1iVktNJm9hdXRoX2NhbGxiYWNrX2NvbmZpcm1lZD10\ncnVlcQRhcy4=\n','2014-03-29 06:48:24');
INSERT INTO `django_session` VALUES ('d9723b6c2385c11b33d31468812283b0','ZGUzMTVhZmVmZWExYmQ4ODljMDZiZWZkZTVkYTExOGIzOWIwZGI4ODqAAn1xAShVHnNvY2lhbF9h\ndXRoX2xhc3RfbG9naW5fYmFja2VuZHECWAcAAAB0d2l0dGVycQNVHnR3aXR0ZXJ1bmF1dGhvcml6\nZWRfdG9rZW5fbmFtZXEEXXEFVRJfYXV0aF91c2VyX2JhY2tlbmRxBlUrc29jaWFsX2F1dGguYmFj\na2VuZHMudHdpdHRlci5Ud2l0dGVyQmFja2VuZHEHVQ1fYXV0aF91c2VyX2lkcQiKAQJ1Lg==\n','2014-03-29 03:32:00');
INSERT INTO `django_session` VALUES ('ac6d16afb2cbe06ab8d1902e488fa509','OGYxZWUzNmMzMjJjNDJlZDNmMWVhNzlkOTQzNjFjNjQ5OTNlZWYyNzqAAn1xAVUedHdpdHRlcnVu\nYXV0aG9yaXplZF90b2tlbl9uYW1lcQJdcQNVkW9hdXRoX3Rva2VuX3NlY3JldD1sd2ptMzZpckt0\nN3VWNmhaMVI2YVFjTk8ybk1GeGM5VXIxbHRLc1k2ZyZvYXV0aF90b2tlbj1aN0Rua3VXdFFtUEdX\nRnBRczNOWk5ZUWhuVjdDUlpCZU1ESXE5V1dEakEmb2F1dGhfY2FsbGJhY2tfY29uZmlybWVkPXRy\ndWVxBGFzLg==\n','2014-03-29 16:23:59');
INSERT INTO `django_session` VALUES ('95f1177ff078a8156b5fba60528f953d','YTY5M2FhNTdjNTBiYjdkNjMyMjA4MDhkZTdkNWRhNDBlNDU5Mzc2MDqAAn1xAVULd2VpYm9fc3Rh\ndGVxAlUgQ3VBVE1laExwNHhYUXZ4VGUybHhpekJJTDFHWHlmRU1xA3Mu\n','2014-03-29 19:13:30');
INSERT INTO `django_session` VALUES ('a683a7a8279228c259f1e6f38e53271f','YTAzYjU0OTE3NGQxMDNmMDllOGIzNjNmZWQ1YmQ5YjYyMTNhM2JjOTqAAn1xAVULd2VpYm9fc3Rh\ndGVxAlUgbHAxemFWS2tIVG1BV29uSVZieENkb1dkdkJXeGZIWHpxA3Mu\n','2014-03-29 20:48:59');
INSERT INTO `django_session` VALUES ('d7445ea62f078b84af8a7e27ed1d5104','YzMyYzYyYWJhNTAyMTNkOGI1YmQ4ODBlNTcyYTkwMWM3MjFiYjI4ODqAAn1xAVUedHdpdHRlcnVu\nYXV0aG9yaXplZF90b2tlbl9uYW1lcQJdcQNVkW9hdXRoX3Rva2VuX3NlY3JldD1MbXo4dEdPVHZE\nN2FXOHJHMnF1Q1QxMWVBR2RoY2JldTlZVTNJd1I1VSZvYXV0aF90b2tlbj1xSnJJblYyY1JQSXpR\ncnVsbWNYNjRJVE01aEh6QXdrdG92cjNHcjloY3cmb2F1dGhfY2FsbGJhY2tfY29uZmlybWVkPXRy\ndWVxBGFzLg==\n','2014-03-29 21:34:54');
INSERT INTO `django_session` VALUES ('f8c579005da659e86da575d049d7e8fb','ZTI4YjNmNTA2MTk4ZDU3YTA2MTI2ZTQxMWNlMWE5YjQzZjhhODQyMTqAAn1xAVULd2VpYm9fc3Rh\ndGVxAlUgek01R0p3WGJVSEZ3OE1JNVhGNVBEWjQ3STNtUG1XVGlxA3Mu\n','2014-03-30 18:03:00');
INSERT INTO `django_session` VALUES ('bcdd1ee6c4b6da77a0d76653431f3e62','N2VhNzY0MGRmNTU0MjM5ZDM2ODEwOWM3NzQ5YzNhMDA3Y2JjMjRkYzqAAn1xAVULd2VpYm9fc3Rh\ndGVxAlUgclFKSVZZY0ZYQ2xnSDB0WGxPY0xZN1lzdldTT01UQWhxA3Mu\n','2014-03-31 13:59:53');
INSERT INTO `django_session` VALUES ('da2977f9d339014930abc5b9a4457ee9','ZWMyMDNhYzM3M2QxMzNmNjU4MjgyNTRhMTU3OTQ5OWE5YjUyZThiMzqAAn1xAVULd2VpYm9fc3Rh\ndGVxAlUgYzM1QmNmancyT0NGWXdxTGM2SVU0SkllcTM1dGtGTGlxA3Mu\n','2014-03-31 19:00:32');
INSERT INTO `django_session` VALUES ('5cc64330648561190d4e9784edc74461','ZjJjODQ1Yzg3NzU3YWM1MGQ4YzMyOTU5ODgwMDY3NGJlMTAyZmU4NzqAAn1xAShVHnNvY2lhbF9h\ndXRoX2xhc3RfbG9naW5fYmFja2VuZHECVQd0d2l0dGVycQNVHnR3aXR0ZXJ1bmF1dGhvcml6ZWRf\ndG9rZW5fbmFtZXEEXXEFVRJfYXV0aF91c2VyX2JhY2tlbmRxBlUrc29jaWFsX2F1dGguYmFja2Vu\nZHMudHdpdHRlci5Ud2l0dGVyQmFja2VuZHEHVQ1fYXV0aF91c2VyX2lkcQiKAQt1Lg==\n','2014-03-31 04:00:02');
INSERT INTO `django_session` VALUES ('778c760ed2030334c3be09fc188ea58a','ODEzZjk1NTFhNGNhNDVjMzY1MzM5NzAzNzAwMTFlYzkyMjIwNGQwOTqAAn1xAVUedHdpdHRlcnVu\nYXV0aG9yaXplZF90b2tlbl9uYW1lcQJdcQNVkm9hdXRoX3Rva2VuX3NlY3JldD16eVlXd1FQdjFR\nQ09KRXZjNGZobkhXNEg0dUZHbFNCQ1d4SVMzb0VxNTAmb2F1dGhfdG9rZW49anNBUGRXVXg2UHpN\nR3RuTmZrTHRITDkzSGhsU2xjWW5jRWZiWmRMOG5VJm9hdXRoX2NhbGxiYWNrX2NvbmZpcm1lZD10\ncnVlcQRhcy4=\n','2014-04-01 13:45:26');
INSERT INTO `django_session` VALUES ('a4e60e922296c45b96f2ab2fd4da9975','ZGU4NDgwY2FjM2M4Nzg2ZjM5YmJjNjJjNjVkNjA5ZTY1OWI2NWViMTqAAn1xAVUedHdpdHRlcnVu\nYXV0aG9yaXplZF90b2tlbl9uYW1lcQJdcQNVkm9hdXRoX3Rva2VuX3NlY3JldD1ENzJKTkoyU1Q1\nUnRNaDlhWUZjajc0UkdEclBJWGZKakNDZHN4RnN3RSZvYXV0aF90b2tlbj1HSHZsTTZncWR4bjZ1\nMWFUa1p1dVlrQVp5dFgwRHRjZTBMeEhNT0FtQlNFJm9hdXRoX2NhbGxiYWNrX2NvbmZpcm1lZD10\ncnVlcQRhcy4=\n','2014-04-01 19:54:43');
INSERT INTO `django_session` VALUES ('d242c5af0ca79477b4f16413dc1682b0','MGZhNzY4ZDMzZDJiNTZmN2ZlZWEyMDJjNDMzYzcwMzk4MzRiNjgzZDqAAn1xAVULd2VpYm9fc3Rh\ndGVxAlUgR1ltV3Q1b0Fva3VzYUVGZGt4Y0J2VlRHVVNROVFRdTVxA3Mu\n','2014-04-01 20:53:24');
INSERT INTO `django_session` VALUES ('2bfc808b9d15964deb22c0e29a27329c','MGQ2ODJmNGEwOGFhNTY2YmVkZmM0ODc1YmI0MTZjODkwOGE3ZWU2NzqAAn1xAShVHnNvY2lhbF9h\ndXRoX2xhc3RfbG9naW5fYmFja2VuZHECVQV3ZWlib3EDVRJfYXV0aF91c2VyX2JhY2tlbmRxBFUv\nc29jaWFsX2F1dGguYmFja2VuZHMuY29udHJpYi53ZWliby5XZWlib0JhY2tlbmRxBVULd2VpYm9f\nc3RhdGVxBlUgT1Fmbk9DM2xraEkwYjB0SnB6aEl4eHRWWWdTZjFBaVZxB1UNX2F1dGhfdXNlcl9p\nZHEIigEMdS4=\n','2014-04-03 04:29:00');
INSERT INTO `django_session` VALUES ('c81718060e1f479bf140e973e4de74a6','YWQ1NzIzNzFmNDM3YmQzMTA0MGM1YTU2ZWMzMDA5MTMzZWY5MWNlMDqAAn1xAVUedHdpdHRlcnVu\nYXV0aG9yaXplZF90b2tlbl9uYW1lcQJdcQNVk29hdXRoX3Rva2VuX3NlY3JldD1ycjVRRXg1OTNF\ndHJ1aFY5bWJIV3NrQzRlY29SMXZHZUFpTHZ4bXcyZ1lvJm9hdXRoX3Rva2VuPUNiSXBjSkNMRG12\naWFuVTU0Vk9RZE5RZWdObE1BTG1HS05XTGZadjI1TSZvYXV0aF9jYWxsYmFja19jb25maXJtZWQ9\ndHJ1ZXEEYXMu\n','2014-04-06 03:26:10');
INSERT INTO `django_session` VALUES ('84f999dd30c00ed0d61687345d81e709','ZjMyNjZhNWI3YzBlNTljM2IyYTdkZDUxMzA0NGE4OWQwNzczY2NlMjqAAn1xAVUedHdpdHRlcnVu\nYXV0aG9yaXplZF90b2tlbl9uYW1lcQJdcQNVkW9hdXRoX3Rva2VuX3NlY3JldD1paVlCZTJQT1Vl\naFZzQ2pPRGpuMkoyanUyQjVXdUhZVHBCWVAwTWJiUSZvYXV0aF90b2tlbj1hamZnbUxnb3RCWTFz\nNnlNczBSdTZmUFJQd2paaXJtV25UVGVGaFNBR2cmb2F1dGhfY2FsbGJhY2tfY29uZmlybWVkPXRy\ndWVxBGFzLg==\n','2014-04-03 13:17:53');
INSERT INTO `django_session` VALUES ('b97c2cf271e0420ce5de030cd2a2d730','ZGUzMTVhZmVmZWExYmQ4ODljMDZiZWZkZTVkYTExOGIzOWIwZGI4ODqAAn1xAShVHnNvY2lhbF9h\ndXRoX2xhc3RfbG9naW5fYmFja2VuZHECWAcAAAB0d2l0dGVycQNVHnR3aXR0ZXJ1bmF1dGhvcml6\nZWRfdG9rZW5fbmFtZXEEXXEFVRJfYXV0aF91c2VyX2JhY2tlbmRxBlUrc29jaWFsX2F1dGguYmFj\na2VuZHMudHdpdHRlci5Ud2l0dGVyQmFja2VuZHEHVQ1fYXV0aF91c2VyX2lkcQiKAQJ1Lg==\n','2014-04-04 03:39:27');
INSERT INTO `django_session` VALUES ('8b3b347e006dc555431ae962af9013a8','NTcwODU3MTUwMzZhNGNlYjljNmZmZWI1ODgzM2Q4ZTliYmI4MWU4MTqAAn1xAVUedHdpdHRlcnVu\nYXV0aG9yaXplZF90b2tlbl9uYW1lcQJdcQNVkG9hdXRoX3Rva2VuX3NlY3JldD1GMFo1cFdNNDNp\ndTFTbjVuRXNBd3ZBYVpRU1NyVklzMnhHTjh6UExvJm9hdXRoX3Rva2VuPTc2bnJQSkdDOXpFckN6\nY1JXMXh0YmRUd0c1cUZFd0FyeHNDbzRsaWVyWSZvYXV0aF9jYWxsYmFja19jb25maXJtZWQ9dHJ1\nZXEEYXMu\n','2014-04-09 23:36:05');
INSERT INTO `django_session` VALUES ('f5f4ef87ec36337276109d22717f15e8','YjAyMGNkOTc3MDU5Y2MyZjRiOTZhODVhMDVmNDc5NDI2NmRjZWI1OTqAAn1xAShVHnNvY2lhbF9h\ndXRoX2xhc3RfbG9naW5fYmFja2VuZHECVQd0d2l0dGVycQNVHnR3aXR0ZXJ1bmF1dGhvcml6ZWRf\ndG9rZW5fbmFtZXEEXXEFVRJfYXV0aF91c2VyX2JhY2tlbmRxBlUrc29jaWFsX2F1dGguYmFja2Vu\nZHMudHdpdHRlci5Ud2l0dGVyQmFja2VuZHEHVQ1fYXV0aF91c2VyX2lkcQiKAQ51Lg==\n','2014-04-04 07:03:33');
INSERT INTO `django_session` VALUES ('cd59b1371fd29aebe93180cbc52ed9ca','MjhhMTdjMWEyZDUwMTc1NGY0MzY1MTBkNzFmOWViNmQwOTUxY2JiNTqAAn1xAVULd2VpYm9fc3Rh\ndGVxAlUgY0wza0paUVNvcHU0NWJKQXdCcXV6YXRXSENlT3lzUldxA3Mu\n','2014-04-17 05:42:59');
INSERT INTO `django_session` VALUES ('6c5eab3371f306f6769e0c84463604c5','MGE4OTAxNmI0NjkyZTQ4ZGQzOGM4NTM1NmY0MmFmYjhkNmJmNDhkMjqAAn1xAVULd2VpYm9fc3Rh\ndGVxAlUgT1pyOEVZbFhBb3c4TmJFVm91TmY5dnM1WmZOZmhVM0lxA3Mu\n','2014-04-06 13:37:48');
INSERT INTO `django_session` VALUES ('1aa64d752e652a588d2bfc232c8257dc','OGY5NzI0ODY5NWNjOGYyZGY1Y2JmZTEwOTEzOGEzNGNjYTBkOTg4NTqAAn1xAVUKdGVzdGNvb2tp\nZXECVQZ3b3JrZWRxA3Mu\n','2014-04-06 13:37:48');
INSERT INTO `django_session` VALUES ('ef8c3a7e1f920f35761c8e3c736ea2b1','MDdiMzViYzI4MTFkMzhjMTFhZDAwNzY3M2ZhNzNkM2RiMDk4OWJmMTqAAn1xAVUedHdpdHRlcnVu\nYXV0aG9yaXplZF90b2tlbl9uYW1lcQJdcQNVkG9hdXRoX3Rva2VuX3NlY3JldD02RFRDdHNFTUlh\ndk9IcDI1U0dBWVlTRnR2cUlMZTMzMmlnMkF6b3VJJm9hdXRoX3Rva2VuPWJ4b1ZDUlZUc2FHcUtZ\ndGp3YU5xcEs5QVJRbkhwb3dOQ2U0WDJOSGUwMCZvYXV0aF9jYWxsYmFja19jb25maXJtZWQ9dHJ1\nZXEEYXMu\n','2014-04-06 13:37:48');
INSERT INTO `django_session` VALUES ('926b9ce0c297fda9a261b84c935011ec','MDgwZjhlN2I0MTNlOWE3YzU1YjRmOTFjYTI3Y2UzN2JmYTY1YWM5YTqAAn1xAVULd2VpYm9fc3Rh\ndGVxAlUgMVZFaVloaFZIMGx0SHFzWnRPVXJDRU9saVBOdGUzcmVxA3Mu\n','2014-04-06 15:36:53');
INSERT INTO `django_session` VALUES ('aeb4425fbaee6c0b1b0796c8d9b22659','OGI5M2FkMmE4ZTBkNjQxYTNlMjU5ZTdjMzU1YzY2YjdkNDY4MTQ0YjqAAn1xAVUedHdpdHRlcnVu\nYXV0aG9yaXplZF90b2tlbl9uYW1lcQJdcQNVkG9hdXRoX3Rva2VuX3NlY3JldD1XeGpyUWpKM1p3\nNjNpdDMwOVR1dlpkRVpxd1o2SFJEdnZHS1lRUDJRJm9hdXRoX3Rva2VuPU9BdlZXTTFDa1AwQnVz\ndE1MZlQwcVNsQjlXekN4R0p0aktmbWxQeFB2MCZvYXV0aF9jYWxsYmFja19jb25maXJtZWQ9dHJ1\nZXEEYXMu\n','2014-04-06 15:55:44');
INSERT INTO `django_session` VALUES ('8a88fe9be0014930a4db9e927ae52ba8','MDYxMDQwYjMzYmNkNjY2ODE4YmU4MjYyYmExNTdjZjRkZGQ4MTIyYjqAAn1xAVUedHdpdHRlcnVu\nYXV0aG9yaXplZF90b2tlbl9uYW1lcQJdcQNVkm9hdXRoX3Rva2VuX3NlY3JldD1wMXRnN2ZoTGJS\ndWJUMm1WQnJiNEdleWx0U000RXExdnJYaUwySkV4Yncmb2F1dGhfdG9rZW49a2h4ZjhiaDVNOFhq\nM2JaWXc4RDZsOTA4SkNCSHJ5OEdlRFJGQTdhOVgwJm9hdXRoX2NhbGxiYWNrX2NvbmZpcm1lZD10\ncnVlcQRhcy4=\n','2014-04-08 16:56:58');
INSERT INTO `django_session` VALUES ('40fa24844e26cc9f1b36926174d3738d','YTc4MGU3ZDVlZDk5NTE5OWJiNjhkYzNkZTBlYWMwYzVlZDc4NWJiYzqAAn1xAShVHnNvY2lhbF9h\ndXRoX2xhc3RfbG9naW5fYmFja2VuZHECWAcAAAB0d2l0dGVycQNVHnR3aXR0ZXJ1bmF1dGhvcml6\nZWRfdG9rZW5fbmFtZXEEXXEFVRJfYXV0aF91c2VyX2JhY2tlbmRxBlUrc29jaWFsX2F1dGguYmFj\na2VuZHMudHdpdHRlci5Ud2l0dGVyQmFja2VuZHEHVQ1fYXV0aF91c2VyX2lkcQiKAQd1Lg==\n','2014-04-08 11:36:08');
INSERT INTO `django_session` VALUES ('73f68b1d9594fa142bf35a14088015f4','MzYzMTg0MWY4Y2E1MjJjNWVlZWQ5YWM4N2QwMzQwMWEyZDg0ZWE4ZjqAAn1xAShVHnNvY2lhbF9h\ndXRoX2xhc3RfbG9naW5fYmFja2VuZHECWAcAAAB0d2l0dGVycQNVHnR3aXR0ZXJ1bmF1dGhvcml6\nZWRfdG9rZW5fbmFtZXEEXXEFVZNvYXV0aF90b2tlbl9zZWNyZXQ9OXJTRVF0V0ZUemRmWmJSYUc2\ndERkT24xcnlSa0ZsZEROT1NMMUJuRm40Jm9hdXRoX3Rva2VuPWM5T2l4dnlUVEpiTGJBdGwwSjd5\nTnJ5N1g0aHdFaU10eUtsT3NIOGpSMzAmb2F1dGhfY2FsbGJhY2tfY29uZmlybWVkPXRydWVxBmFV\nEl9hdXRoX3VzZXJfYmFja2VuZHEHVStzb2NpYWxfYXV0aC5iYWNrZW5kcy50d2l0dGVyLlR3aXR0\nZXJCYWNrZW5kcQhVDV9hdXRoX3VzZXJfaWRxCYoBAnUu\n','2014-04-08 08:09:43');
INSERT INTO `django_session` VALUES ('35a2725f6ec135fc379ba845a639f957','ODkzYjlkNzk2OTdjNTFmODc3NmViYWJiODQyOTc0YjBiZTI5YmJlMjqAAn1xAVULd2VpYm9fc3Rh\ndGVxAlUgczNiYW1tbVRjOGhKeTFGV3pMTnl1VTVWVTBZSW5DYTNxA3Mu\n','2014-04-08 16:56:35');
INSERT INTO `django_session` VALUES ('dd428f19cc0b360e3a6de3f23b4ef680','OTc3NDEzMWY1NmNhMjM4ZmQ0ZTU1OTE2Yzk1OWM2Yzg1NjZiNTk0NjqAAn1xAShVHnNvY2lhbF9h\ndXRoX2xhc3RfbG9naW5fYmFja2VuZHECWAcAAAB0d2l0dGVycQNVHnR3aXR0ZXJ1bmF1dGhvcml6\nZWRfdG9rZW5fbmFtZXEEXXEFVRJfYXV0aF91c2VyX2JhY2tlbmRxBlUrc29jaWFsX2F1dGguYmFj\na2VuZHMudHdpdHRlci5Ud2l0dGVyQmFja2VuZHEHVQ1fYXV0aF91c2VyX2lkcQiKAQZ1Lg==\n','2014-04-08 16:03:45');
INSERT INTO `django_session` VALUES ('40e58bb7b3f116b9c3680551db1af56c','MmE0ZWYxNjY4YzFkNDkwMTNjOTFlYzhkMjVmNjJjZTUwMjI3NzRmMjqAAn1xAVUedHdpdHRlcnVu\nYXV0aG9yaXplZF90b2tlbl9uYW1lcQJdcQNVkG9hdXRoX3Rva2VuX3NlY3JldD02enk5RlF3NHF1\nU3lOUDlFSWpnYm9SWkFSbFdSeTBBRFgyTDZmNHZvTSZvYXV0aF90b2tlbj04WERHU0ZPUWdNcmds\nVWEzM2dpVTMyMXNDWDJlejZ6OUo3Qnc3Qk50OCZvYXV0aF9jYWxsYmFja19jb25maXJtZWQ9dHJ1\nZXEEYXMu\n','2014-04-08 19:39:57');
INSERT INTO `django_session` VALUES ('b55278852a8f104766f7998ccddce613','MWRiNzQzZGM2NGQxMTEyNDMxZDc2ODA0M2UzMDUyMDdmMzE0ZjE2ZjqAAn1xAShVHnNvY2lhbF9h\ndXRoX2xhc3RfbG9naW5fYmFja2VuZHECWAcAAAB0d2l0dGVycQNVEl9hdXRoX3VzZXJfYmFja2Vu\nZHEEVStzb2NpYWxfYXV0aC5iYWNrZW5kcy50d2l0dGVyLlR3aXR0ZXJCYWNrZW5kcQVVHnR3aXR0\nZXJ1bmF1dGhvcml6ZWRfdG9rZW5fbmFtZXEGXXEHVZJvYXV0aF90b2tlbl9zZWNyZXQ9bnM1RG1T\nYlpjSVlsMGRqbXJFOFNPV3JuSTFoV2RWN0ZmY0xhSDJ3UGUxNCZvYXV0aF90b2tlbj1uRzBlQW5V\nSVdmVXZ0cWVZVUpwQlhqaFpUeDhxdnB5NlhtdHhlNGthdyZvYXV0aF9jYWxsYmFja19jb25maXJt\nZWQ9dHJ1ZXEIYVULd2VpYm9fc3RhdGVxCVUgeEVqaFliY0taYXBVbkhtd1ZScDVXaldvTm5Rc2kw\nclhxClUNX2F1dGhfdXNlcl9pZHELigECdS4=\n','2014-04-09 03:01:09');
INSERT INTO `django_session` VALUES ('7d38134a7ede65ed5bf7e63d0be06498','NTZmZjA4ZmUzNzgxNWIxNTg0MmZhMWYxYmI1YzUyNWY2ZDE3ZGY1YzqAAn1xAVUedHdpdHRlcnVu\nYXV0aG9yaXplZF90b2tlbl9uYW1lcQJdcQNVkW9hdXRoX3Rva2VuX3NlY3JldD1vQVp2cnpkOVI0\nOFNpT3NTaGRTdXZ2eVA1ZVQwcDQwNmp1T040djk1NmMmb2F1dGhfdG9rZW49T2hsZHpwZHREU1NP\nWWhGYm9tYnk2YWNDeGEyUlBwV1hSWTFNUkFHM1Emb2F1dGhfY2FsbGJhY2tfY29uZmlybWVkPXRy\ndWVxBGFzLg==\n','2014-04-14 04:56:12');
INSERT INTO `django_session` VALUES ('092d9dc0c6446bffbc07a1bb1873fc91','ZGUzMTVhZmVmZWExYmQ4ODljMDZiZWZkZTVkYTExOGIzOWIwZGI4ODqAAn1xAShVHnNvY2lhbF9h\ndXRoX2xhc3RfbG9naW5fYmFja2VuZHECWAcAAAB0d2l0dGVycQNVHnR3aXR0ZXJ1bmF1dGhvcml6\nZWRfdG9rZW5fbmFtZXEEXXEFVRJfYXV0aF91c2VyX2JhY2tlbmRxBlUrc29jaWFsX2F1dGguYmFj\na2VuZHMudHdpdHRlci5Ud2l0dGVyQmFja2VuZHEHVQ1fYXV0aF91c2VyX2lkcQiKAQJ1Lg==\n','2014-04-09 12:13:28');
INSERT INTO `django_session` VALUES ('4cb858c91ca5331f4cab63461e39b7be','YTc4MGU3ZDVlZDk5NTE5OWJiNjhkYzNkZTBlYWMwYzVlZDc4NWJiYzqAAn1xAShVHnNvY2lhbF9h\ndXRoX2xhc3RfbG9naW5fYmFja2VuZHECWAcAAAB0d2l0dGVycQNVHnR3aXR0ZXJ1bmF1dGhvcml6\nZWRfdG9rZW5fbmFtZXEEXXEFVRJfYXV0aF91c2VyX2JhY2tlbmRxBlUrc29jaWFsX2F1dGguYmFj\na2VuZHMudHdpdHRlci5Ud2l0dGVyQmFja2VuZHEHVQ1fYXV0aF91c2VyX2lkcQiKAQd1Lg==\n','2014-04-09 12:23:31');
INSERT INTO `django_session` VALUES ('365c3cae58ce9660dca6d843a021323c','NGQ5M2Q2NDZjNjg1ZDFjMTMzNjkyMzE2OTJhZmQwNzJkYjFiMzIxYzqAAn1xAShVHnNvY2lhbF9h\ndXRoX2xhc3RfbG9naW5fYmFja2VuZHECWAcAAAB0d2l0dGVycQNVEl9hdXRoX3VzZXJfYmFja2Vu\nZHEEVStzb2NpYWxfYXV0aC5iYWNrZW5kcy50d2l0dGVyLlR3aXR0ZXJCYWNrZW5kcQVVHnR3aXR0\nZXJ1bmF1dGhvcml6ZWRfdG9rZW5fbmFtZXEGXXEHVZJvYXV0aF90b2tlbl9zZWNyZXQ9RExOWjZn\nRVkxc01NbzVLaXJIYWp2VkpUaUZjVjJHRzZnd2gzVnRKMU5IayZvYXV0aF90b2tlbj1qMVc2WnNq\nZjV0M0RGMlVmUVc2d1pHNzR1ZWgzb3VNZ1VVZmtFa0Z5RSZvYXV0aF9jYWxsYmFja19jb25maXJt\nZWQ9dHJ1ZXEIYVULd2VpYm9fc3RhdGVxCVUgQmVDdHZWMU5QSFBRMUdIZU8wU0R4S2hWcXh0dU5h\nR1ZxClUNX2F1dGhfdXNlcl9pZHELigECdS4=\n','2014-04-09 12:54:43');
INSERT INTO `django_session` VALUES ('f67c0b799ddfe4f14e523810e5632109','YmY1MTMyNTZkY2UzZTNhNjkzMDAxMGI4NDJkMGE0NTYzOGZiYmFhZDqAAn1xAVUedHdpdHRlcnVu\nYXV0aG9yaXplZF90b2tlbl9uYW1lcQJdcQNVk29hdXRoX3Rva2VuX3NlY3JldD1KVk9EOXY0UEVp\nS0JpeTk2SWplM214aXdJRFg0dU1xM1NCMWxZb2x2S1ZBJm9hdXRoX3Rva2VuPWFFQVZEYko4R1E4\na2VTU3FXMUhPUFZHYk0zQ0lTVExHS1FLeEQ3bE5WRSZvYXV0aF9jYWxsYmFja19jb25maXJtZWQ9\ndHJ1ZXEEYXMu\n','2014-04-09 13:26:48');
INSERT INTO `django_session` VALUES ('ea42bed11197a4a2002b89174cc20bed','MjNmYmRhZGNiMTZlOGM0ZmJlMmZiNWQ5ZGU4YWE2N2VkMGMyZWNmMzqAAn1xAShVHnNvY2lhbF9h\ndXRoX2xhc3RfbG9naW5fYmFja2VuZHECWAcAAAB0d2l0dGVycQNVEl9hdXRoX3VzZXJfYmFja2Vu\nZHEEVStzb2NpYWxfYXV0aC5iYWNrZW5kcy50d2l0dGVyLlR3aXR0ZXJCYWNrZW5kcQVVHnR3aXR0\nZXJ1bmF1dGhvcml6ZWRfdG9rZW5fbmFtZXEGXXEHVZFvYXV0aF90b2tlbl9zZWNyZXQ9NGVjeDY4\nY0tJZ01QZElMejZEVU9JOGhjRUJjVWtTOGxNY0JLU0RaOWMmb2F1dGhfdG9rZW49T2o1bnNSSG5z\nTjZ0TDhTbElvaE9JT1J1RVVxSjMxaXFyenZwQk9xWnBNJm9hdXRoX2NhbGxiYWNrX2NvbmZpcm1l\nZD10cnVlcQhhVQt3ZWlib19zdGF0ZXEJVSBQVGJnQWxuYWxTdVhDTWhDN1NaMGF2amoyejdMMksz\nWXEKVQ1fYXV0aF91c2VyX2lkcQuKAQ11Lg==\n','2014-04-09 13:02:18');
INSERT INTO `django_session` VALUES ('4f628adfa0c20793113c77b75497652b','NmY2NTkyMTQxNWYxYTMwMDM5OWViMzFlZGI5OTdiY2EyYjA5YTk0MjqAAn1xAShVHnNvY2lhbF9h\ndXRoX2xhc3RfbG9naW5fYmFja2VuZHECVQd0d2l0dGVycQNVEl9hdXRoX3VzZXJfYmFja2VuZHEE\nVStzb2NpYWxfYXV0aC5iYWNrZW5kcy50d2l0dGVyLlR3aXR0ZXJCYWNrZW5kcQVVHnR3aXR0ZXJ1\nbmF1dGhvcml6ZWRfdG9rZW5fbmFtZXEGXXEHVZBvYXV0aF90b2tlbl9zZWNyZXQ9YUVwSHpQSDRW\nbGk1cUx3ODNIUmx0cGF5aUxuNFJ5bTdUb1pYRDlTdk1nayZvYXV0aF90b2tlbj1HdUxudTlZUnRG\nM0ZlQlFiRlY3UlJ2QVhrR0FmZ2Nad2hQN1FpQkEmb2F1dGhfY2FsbGJhY2tfY29uZmlybWVkPXRy\ndWVxCGFVC3dlaWJvX3N0YXRlcQlVIFZlb1M4RnNmalZ4eFYyQVJ0ME9qbXo5d2l2SjFSbElYcQpV\nDV9hdXRoX3VzZXJfaWRxC4oBD3Uu\n','2014-04-09 12:59:14');
INSERT INTO `django_session` VALUES ('55e0ce52779dfdef941d294176dfb923','OGNiMmNiNWIxOGUyNDI2MTAwNzgwYzc1NGVlOWJmOGE5ZWZlNzUzMjqAAn1xAVUedHdpdHRlcnVu\nYXV0aG9yaXplZF90b2tlbl9uYW1lcQJdcQNVkW9hdXRoX3Rva2VuX3NlY3JldD1uUFBIVFRJVWlv\nb2Z5SFFqUXZxcDl6dExoMVlHWFhqeFNScFV0aVZqNUxVJm9hdXRoX3Rva2VuPWVwRTJ4bWpOeVl0\nb1ZKMUFVSEtaWkxrRVA3WHpvbzh0OWlMekI5Nzgmb2F1dGhfY2FsbGJhY2tfY29uZmlybWVkPXRy\ndWVxBGFzLg==\n','2014-04-10 04:04:14');
INSERT INTO `django_session` VALUES ('b04496eb4bb78b42e7e802d747b67857','MmMyZGNlYjE5N2YwNGUxYTU0OTM2M2I0ZGE5YzYxZjcxMTU5MThmNDqAAn1xAVUedHdpdHRlcnVu\nYXV0aG9yaXplZF90b2tlbl9uYW1lcQJdcQNVj29hdXRoX3Rva2VuX3NlY3JldD1PU212aFF1eDF0\nd1ZZY0V1SHpVTHpydU1RYUxNaTRmQ0JyRTJWWjcxQTgmb2F1dGhfdG9rZW49aUlyendUeFlVandp\nQzhwMXk5OEducGhYbGJReWcxOG15Rm5Sdm40Jm9hdXRoX2NhbGxiYWNrX2NvbmZpcm1lZD10cnVl\ncQRhcy4=\n','2014-04-10 08:10:29');
INSERT INTO `django_session` VALUES ('390de422a1aabace3d32a5d7199aa7fd','YzUwN2I4NDAyZDRmOWViNmJlNGIwNjAzMDdhM2EyNTY3ZDdkNDdlOTqAAn1xAShVHnNvY2lhbF9h\ndXRoX2xhc3RfbG9naW5fYmFja2VuZHECVQV3ZWlib3EDVRJfYXV0aF91c2VyX2JhY2tlbmRxBFUv\nc29jaWFsX2F1dGguYmFja2VuZHMuY29udHJpYi53ZWliby5XZWlib0JhY2tlbmRxBVULd2VpYm9f\nc3RhdGVxBlUgZUxXb2JERzZ0ZHlhODRkaGRiTWhPWkFDSXNqRDl1MWdxB1UNX2F1dGhfdXNlcl9p\nZHEIigEQdS4=\n','2014-04-10 08:01:47');
INSERT INTO `django_session` VALUES ('0b652ca1d9211c6ec4330aca58c9441a','ZTI5YTU0ZTMyMDk2ZTUyOTc2Yjc0Yjk5Y2QwMDFkYmRjM2Q1MWJhNjqAAn1xAVUedHdpdHRlcnVu\nYXV0aG9yaXplZF90b2tlbl9uYW1lcQJdcQNVkm9hdXRoX3Rva2VuX3NlY3JldD1uTFd1eUtwUEYw\nM0ZCMjZRWWxRekFldmpBS1JRSFFidUVQU1F2Z3dsdUEmb2F1dGhfdG9rZW49RzFrOVNtOW91anJT\ndmw2UHlzcFdJVnlaQ1ZPaG9RQ1d2emlmV1NIM0h3Jm9hdXRoX2NhbGxiYWNrX2NvbmZpcm1lZD10\ncnVlcQRhcy4=\n','2014-04-12 19:01:22');
INSERT INTO `django_session` VALUES ('69ebc59427917810ece3fb29e8f76d89','ZDRmMzg4N2UyMDkwOWFmYTZlNWVhMWI5NjgyOWNjNjJkMjQyNjM4ZTqAAn1xAVULd2VpYm9fc3Rh\ndGVxAlUgYVVnNllBWEpCUmoxTkdBOVVSajV3dkVqWG91WWc2N3lxA3Mu\n','2014-04-13 07:32:50');
INSERT INTO `django_session` VALUES ('d05c97135b3d6e8921109f82e2c67215','N2UxNTRmZjUzODM4ODJkYmVkZTI3MGNmMmUzZjMzZjVlZGI4YWQwYTqAAn1xAShVHnNvY2lhbF9h\ndXRoX2xhc3RfbG9naW5fYmFja2VuZHECWAcAAAB0d2l0dGVycQNVEl9hdXRoX3VzZXJfYmFja2Vu\nZHEEVStzb2NpYWxfYXV0aC5iYWNrZW5kcy50d2l0dGVyLlR3aXR0ZXJCYWNrZW5kcQVVHnR3aXR0\nZXJ1bmF1dGhvcml6ZWRfdG9rZW5fbmFtZXEGXXEHVQt3ZWlib19zdGF0ZXEIVSBualMzUThsaVRx\nWU95QTJyWU1CUkp3cWc4cUsyQnptdHEJVQ1fYXV0aF91c2VyX2lkcQqKAQJ1Lg==\n','2014-04-15 20:05:41');
INSERT INTO `django_session` VALUES ('4d860187a1c06f394ff97390f03d5d2a','N2ExMDliNTIyMTc3ODRjOTBkNmQ1NDliMGIwODcyMDFjMzk1NWM1OTqAAn1xAShVHnNvY2lhbF9h\ndXRoX2xhc3RfbG9naW5fYmFja2VuZHECWAcAAAB0d2l0dGVycQNVHnR3aXR0ZXJ1bmF1dGhvcml6\nZWRfdG9rZW5fbmFtZXEEXXEFVRJfYXV0aF91c2VyX2JhY2tlbmRxBlUrc29jaWFsX2F1dGguYmFj\na2VuZHMudHdpdHRlci5Ud2l0dGVyQmFja2VuZHEHVQ1fYXV0aF91c2VyX2lkcQiKAQV1Lg==\n','2014-04-14 16:45:18');
INSERT INTO `django_session` VALUES ('58d75b18814a6a5888f6e614b2d192f3','ZGUzMTVhZmVmZWExYmQ4ODljMDZiZWZkZTVkYTExOGIzOWIwZGI4ODqAAn1xAShVHnNvY2lhbF9h\ndXRoX2xhc3RfbG9naW5fYmFja2VuZHECWAcAAAB0d2l0dGVycQNVHnR3aXR0ZXJ1bmF1dGhvcml6\nZWRfdG9rZW5fbmFtZXEEXXEFVRJfYXV0aF91c2VyX2JhY2tlbmRxBlUrc29jaWFsX2F1dGguYmFj\na2VuZHMudHdpdHRlci5Ud2l0dGVyQmFja2VuZHEHVQ1fYXV0aF91c2VyX2lkcQiKAQJ1Lg==\n','2014-04-15 16:16:48');
INSERT INTO `django_session` VALUES ('32e862ac6aa6aab2c4ef1ab429d7fc3e','NTUzYWQ2MmMwM2Y4OGU1OTNhMzYyYzBjMTEyNDRlMmNhODAzNTg5ODqAAn1xAS4=\n','2014-04-15 21:03:29');
INSERT INTO `django_session` VALUES ('eb285d6759e2d65df4ac672e0b2c97ca','MmMzMDgxNTA2ZGNhMDFlZDJlNDkwNzFlNjExNzllMDg4NWUzMTFmZDqAAn1xAVUedHdpdHRlcnVu\nYXV0aG9yaXplZF90b2tlbl9uYW1lcQJdcQNVkm9hdXRoX3Rva2VuX3NlY3JldD1VQzk1V25SVHA3\nYTd2RVdQbnd6dUdvWDlxdXNvcWNqMkp5OFk3SUZTT3Mmb2F1dGhfdG9rZW49cUMxZU1nOFl2VDZ2\ncFpSd25aRlhsQzU4NnRkdkJVWjEwV1Jkb1FPdVZrJm9hdXRoX2NhbGxiYWNrX2NvbmZpcm1lZD10\ncnVlcQRhcy4=\n','2014-04-17 05:42:57');
INSERT INTO `django_session` VALUES ('537edef2116887fc9af9a2d012d0c90d','MDhlMjNlOTQ2ODJmMzI4NTA4MjJlMGI5ODcxMDEyNzU5NjZhMTQ3ODqAAn1xAVULd2VpYm9fc3Rh\ndGVxAlUgQ09ncWNrZmV6WEtGYmZDamI4WmFtU3ZvMjNhcklRNE5xA3Mu\n','2014-04-17 10:24:46');
INSERT INTO `django_session` VALUES ('9660d6fbdfc993f056d16225071afc69','ZTk1YWQ0MWM4ODFlMjFjYjJhZmY3YzViMWNkZTZhZWZhNTM5NDFiYjqAAn1xAVULd2VpYm9fc3Rh\ndGVxAlUgTmZhOVg1ZlE0OW50b1VJbUx0UktuUVM0UG5oWU1PVWRxA3Mu\n','2014-04-17 11:48:34');
INSERT INTO `django_session` VALUES ('8958f8953e07eaad285fd7f61250d405','ZjY5NThjOThhZWFlNGQxMTk2OWIyMzM5MmJiY2UxOWY5Y2IyMzkwMTqAAn1xAVUedHdpdHRlcnVu\nYXV0aG9yaXplZF90b2tlbl9uYW1lcQJdcQNVj29hdXRoX3Rva2VuX3NlY3JldD1XRTBieWg2T0hD\nUHdzYWlmNXRudDdXb2NBNmcwZUFMV2FnYTRCbyZvYXV0aF90b2tlbj1taGF4NEZFQmZjcFlCY3Jv\nYTRDR2l3M1g1Ukp3N05scnlXM3ZkNmdNWFI4Jm9hdXRoX2NhbGxiYWNrX2NvbmZpcm1lZD10cnVl\ncQRhcy4=\n','2014-04-18 11:24:54');
INSERT INTO `django_session` VALUES ('4cc2be8da56acdf620134c9f077ed1a7','NTUzYWQ2MmMwM2Y4OGU1OTNhMzYyYzBjMTEyNDRlMmNhODAzNTg5ODqAAn1xAS4=\n','2014-04-18 09:43:42');
INSERT INTO `django_session` VALUES ('91e8f1d79be47d08ad932035851de24c','M2JiOTQwNjUyNTdiNDRkNGM0MzZjMjM4MDI3NzhjZjRlOWQ2ZDg5NDqAAn1xAVULd2VpYm9fc3Rh\ndGVxAlUgSGhCWTNzQjlSOE0yY29GUFVhZngzbXA0UXFMZUF1WmRxA3Mu\n','2014-04-18 11:24:52');
INSERT INTO `django_session` VALUES ('d0e9e450784b342390a2d8e88259bf95','OGY5NzI0ODY5NWNjOGYyZGY1Y2JmZTEwOTEzOGEzNGNjYTBkOTg4NTqAAn1xAVUKdGVzdGNvb2tp\nZXECVQZ3b3JrZWRxA3Mu\n','2014-04-19 12:06:33');
INSERT INTO `django_session` VALUES ('60aca737e4969fecc7dfaa3512be5f55','MzY4OGEzNTYzYWQ5YmMxNGVlYWViMTNhNTEzNGNkMzU0NzcwNGIyYTqAAn1xAVULd2VpYm9fc3Rh\ndGVxAlUgblRLQ2NHT2RqUHpLS09heldFZVhzNFdNVEhScmVranRxA3Mu\n','2014-04-19 12:45:55');
INSERT INTO `django_session` VALUES ('54b386c4a06d1cbf7baad05366e7243f','NDA3NDRlNGFhNDFlMTMyMzE5ZDhjN2Y0YzZiOWM2YzMwOGNmMzU2YzqAAn1xAVUedHdpdHRlcnVu\nYXV0aG9yaXplZF90b2tlbl9uYW1lcQJdcQNVkm9hdXRoX3Rva2VuX3NlY3JldD10c1pvZWlBMkdF\ncDlRWjBycTEyQUZaQnpUb2FXOG1XeTB1ZGx5a1JGcWsmb2F1dGhfdG9rZW49a2ZIZHZjRmcyZ0c0\ncUtFQ2EwM2QwNFJrOWxKaUpPNGk5cldrYmUwNDk0Jm9hdXRoX2NhbGxiYWNrX2NvbmZpcm1lZD10\ncnVlcQRhcy4=\n','2014-04-19 16:34:19');
INSERT INTO `django_session` VALUES ('975520ca4c8e16fcb424b060d7e6691a','ZDYyYjU4MjRjMDFmNDk2MmViNTk5YWMyMzE4MjU4YWY5ZGNmOWY5OTqAAn1xAVUedHdpdHRlcnVu\nYXV0aG9yaXplZF90b2tlbl9uYW1lcQJdcQNVj29hdXRoX3Rva2VuX3NlY3JldD0zdUY5ajhrT0Fw\nZmxtdHlXZkIwVGZ0Z2thWmxBd1JGZFFibG5Yb2FvJm9hdXRoX3Rva2VuPXI3c3RRd0w3dDZUZjhl\nMFBFWnNaSmthdjFhRUwxSUVvTjRXOVRuaWNBJm9hdXRoX2NhbGxiYWNrX2NvbmZpcm1lZD10cnVl\ncQRhcy4=\n','2014-04-19 23:49:31');
INSERT INTO `django_session` VALUES ('20e5f713f589c119de3dd4b28670c74e','YTc3YjcxOGU5NDRiMTJlZTZmZDE5YzcxNTIwMGU2N2VhYWE2YzcwNzqAAn1xAVUedHdpdHRlcnVu\nYXV0aG9yaXplZF90b2tlbl9uYW1lcQJdcQNVkG9hdXRoX3Rva2VuX3NlY3JldD1FemNrME52Tzll\nSnl6dkNSTklBbzJHeU5RM1hYcnFBelZGc01sbWc4Jm9hdXRoX3Rva2VuPTR5aG9Ga2ZQdzR1RW9D\nY0hKRVlHWERzY2xjZjVLUWNLcVhyS2Nzb2dUZyZvYXV0aF9jYWxsYmFja19jb25maXJtZWQ9dHJ1\nZXEEYXMu\n','2014-04-20 15:39:14');
INSERT INTO `django_session` VALUES ('9d6d99f544b54251ed1ad45e54912645','ZjQ4NWY1ODIzZDRkNTA3YzkzNjZmZDFmYzAwNTQ2MzVhOTRiM2NiNDqAAn1xAShVHnR3aXR0ZXJ1\nbmF1dGhvcml6ZWRfdG9rZW5fbmFtZXECXXEDVZJvYXV0aF90b2tlbl9zZWNyZXQ9SERFZ3MyZDVV\nVkFwamt1ZjRpQXN0d29seGpzb1lzZWJzV3I4aDVsUW8mb2F1dGhfdG9rZW49NnlENFJZYnBFcmRr\nb1ZuYmNxTWRlWlhnak9mS1NJaFVNb2FQNVBhclI2VSZvYXV0aF9jYWxsYmFja19jb25maXJtZWQ9\ndHJ1ZXEEYVULd2VpYm9fc3RhdGVxBVUgT3lac1htSlFQcnFndkQzZ3p5THNsekEyaTVlT0VPM2px\nBnUu\n','2014-04-21 03:21:43');
INSERT INTO `django_session` VALUES ('2bc01cf45ab448985506536374aab897','MWUxMjM5MWY3ZWJhYTk3MzE5ZmE5MmZjMzFkNDUxOTJmODdjMmFhYTqAAn1xAShVHnR3aXR0ZXJ1\nbmF1dGhvcml6ZWRfdG9rZW5fbmFtZXECXXEDVZNvYXV0aF90b2tlbl9zZWNyZXQ9bjNydEREaXcz\nNWJMOGpPdlVuYTNKaWlpOE9mRjN5ZmVHOEIyb1NpUU9aRSZvYXV0aF90b2tlbj1hbjdEZjRzYmFE\nOFNqUzQ3RDFnQkl6bHBNV3ZkU3dOY2Nzdk0zYWcwN0Umb2F1dGhfY2FsbGJhY2tfY29uZmlybWVk\nPXRydWVxBGFVC3dlaWJvX3N0YXRlcQVVIFM0NVJGSTZQZ1VZdlhPdlc4OWJ6QUp5eHg0TjNhQ0Ja\ncQZ1Lg==\n','2014-04-21 03:21:48');
INSERT INTO `django_session` VALUES ('f2c9fb525dfdfc55e498a739e05b26e2','ZDg3YjY0NDFmZGUyZDRiMGI1MDFkYTI3MmNlMzBhZGRmMGIwZWE3ZjqAAn1xAShVHnR3aXR0ZXJ1\nbmF1dGhvcml6ZWRfdG9rZW5fbmFtZXECXXEDVZJvYXV0aF90b2tlbl9zZWNyZXQ9Y085SEFreHJT\nVXVROWJZUkdvRkszNXhpd2t1UHBMN21Ub3pCOWpMN2VBJm9hdXRoX3Rva2VuPUVGWlpPTUwzd3VC\nRkpYTFFzZDdLMWp4ekozbXJ1MTFjNWR6czV2QWRmVSZvYXV0aF9jYWxsYmFja19jb25maXJtZWQ9\ndHJ1ZXEEYVULd2VpYm9fc3RhdGVxBVUgRU5zMDR0YTVXMWR1ZXRZbDBxOXBmeWJ0bmJjeXBjV3lx\nBnUu\n','2014-04-22 07:53:36');
INSERT INTO `django_session` VALUES ('68f7addb8c34dd6c4c1e3be765e7a217','NzIyMGIzNDU5NTI1Y2YxN2U0NDk1NDlmMWUzMzFmYjFiNGE1MDVhMjqAAn1xAVULd2VpYm9fc3Rh\ndGVxAlUgQVhQTEs5d25vTnh0cDRiZXpNYnBPeXI5SmJTMGxFanVxA3Mu\n','2014-04-22 09:06:46');
INSERT INTO `django_session` VALUES ('fa5e1e9aa4aba7bfbb53e7e1e263ca69','MjE0MmI0NjFiMDBiMDExYzIyOTY4OGEwNTkxYzNkZDViYzAyMTg1NzqAAn1xAVUedHdpdHRlcnVu\nYXV0aG9yaXplZF90b2tlbl9uYW1lcQJdcQNVlG9hdXRoX3Rva2VuX3NlY3JldD1GYXpmUzE1eWJm\nVUhEbzJUT2FBY0l3b1VadGN4TWhrVlBrVTk0RDBXZ3c4Jm9hdXRoX3Rva2VuPXFuYzF3N21pcE9L\nR1hXY3Z0bTUzSEppRk9lcGdDdTVlbzBGcExjYThmV2cmb2F1dGhfY2FsbGJhY2tfY29uZmlybWVk\nPXRydWVxBGFzLg==\n','2014-04-22 17:37:06');
INSERT INTO `django_session` VALUES ('1cb033bf80889cf1a98e43755e0932fe','YTliZjZmOTI2OWRlOTc2ZGQ5NzgxMmFlZmVjYTdmODMwM2EyODgxYjqAAn1xAVULd2VpYm9fc3Rh\ndGVxAlUgZVB5Q1B3d1pYS3pteUZWZFNmeXRKWmVYVW1LdlRqanlxA3Mu\n','2014-04-22 19:54:49');
INSERT INTO `django_session` VALUES ('b0bd266813a4efd409f41d3087182c89','MDA0NzIzYjU2Mzc3NTA4MmY3YjUxMDdiNjc2MzEyMmE3ZjAxYWM4YTqAAn1xAVUedHdpdHRlcnVu\nYXV0aG9yaXplZF90b2tlbl9uYW1lcQJdcQNVjm9hdXRoX3Rva2VuX3NlY3JldD1VYVZMdnR6cG1V\nVnhSTVNpMUo2UWlld1kzZThvbkhVdnlGU2R5bTgmb2F1dGhfdG9rZW49VjAxWUFMWFpaOEczb0VE\nR0xTdWJCRXRMWHB5WlY5TUdnNUoxNG5VdnMmb2F1dGhfY2FsbGJhY2tfY29uZmlybWVkPXRydWVx\nBGFzLg==\n','2014-04-22 23:27:19');
INSERT INTO `django_session` VALUES ('f785b59bdca9ab9d7bf7b13d07dd8ae2','YjU5MTVjMWExMDFjNzE3ZDc5ODM0ZjFlYWU0MjBiZmUzYzAwNWE1NzqAAn1xAVUedHdpdHRlcnVu\nYXV0aG9yaXplZF90b2tlbl9uYW1lcQJdcQNVkm9hdXRoX3Rva2VuX3NlY3JldD1PbVkyQkFrOHpo\nQlNkYjhvem1aY1F3Y0xnVlNLMkNycHVLcTU5dERpS00mb2F1dGhfdG9rZW49dXVHUTNsaEJ2VTZv\nME9TZ3pya2ptN0RlZDF6TEJDZjRwMWlmYm1IbFljJm9hdXRoX2NhbGxiYWNrX2NvbmZpcm1lZD10\ncnVlcQRhcy4=\n','2014-04-22 23:29:52');
INSERT INTO `django_session` VALUES ('120a60b597eaecc9aa23c75896740466','NTE3N2Y5NmYwMjhlY2Q5M2VmMTJmMGU5OWZhYjNiMjhmN2YyYWRmZDqAAn1xAVUedHdpdHRlcnVu\nYXV0aG9yaXplZF90b2tlbl9uYW1lcQJdcQNVkm9hdXRoX3Rva2VuX3NlY3JldD1GR2IzTm9MeFJq\nNmRVeW1ISjhvaVRKcE1iQUdYZFUwTFlMWTdqTFEybTlFJm9hdXRoX3Rva2VuPXVQRkdJRjNpeGU2\nd3ZpbklkOTRkdTJHbjdqczJoZmhOeVRsc1hCRFU4Jm9hdXRoX2NhbGxiYWNrX2NvbmZpcm1lZD10\ncnVlcQRhcy4=\n','2014-04-22 23:32:14');
INSERT INTO `django_session` VALUES ('6179ec9cca55f3a738e93841e0193188','M2QwZTRjM2NiNGM2NjZkMzE3YzY3MWY1NmNhZjA3ZTAyOTQzMzJkNTqAAn1xAVULd2VpYm9fc3Rh\ndGVxAlUgUlRSUm4xU1R4ZEZTOEFYWFd4eFl6QWQxNks2MnFBanhxA3Mu\n','2014-04-22 23:34:33');
INSERT INTO `django_session` VALUES ('a65af786da59e689548c3f4f054f71f4','ZDk3YTk5MDkwN2I4MTA4YTZhZTE0YWFjNWE0ZWFjYTg2ZTNjYTc1ZjqAAn1xAVULd2VpYm9fc3Rh\ndGVxAlUgYjB6UmNtSnFIOFNZZXVBMmRLcm1CN3RuenRkb01NUW1xA3Mu\n','2014-04-22 23:36:53');
INSERT INTO `django_session` VALUES ('e47d9ad3252fbb2ceb0ab9d718829fdb','NTBhOTdhNDJlYzNiZjcyYjk4NDQ2ZGI0N2QzOGIxZGExNmZhYjFlNDqAAn1xAVULd2VpYm9fc3Rh\ndGVxAlUgVk1NdHdMaXhpS3k1VVdaTmpKeVF5dkxuTTBsZnZ1UEtxA3Mu\n','2014-04-22 23:39:13');
INSERT INTO `django_session` VALUES ('e5d7ff7ec1859bdf30787840b4bc5f6e','Y2E2MzJiNWZiNGM0NGQ5OTdmMDg3OWRmNmFkMjFiZjkyZTM4MDJjMTqAAn1xAVUedHdpdHRlcnVu\nYXV0aG9yaXplZF90b2tlbl9uYW1lcQJdcQNVkW9hdXRoX3Rva2VuX3NlY3JldD0xVGJrNEQ3akgx\nVGFhRk05NHhIZDhRS2FCNUVURDdIYmlCT3BmTFNtbyZvYXV0aF90b2tlbj1ISXozYm5RVjNHVkxV\nazBBdVdPVnl2UVM4aDdzSEg5dUFVOFNXT0FUU1Emb2F1dGhfY2FsbGJhY2tfY29uZmlybWVkPXRy\ndWVxBGFzLg==\n','2014-04-23 08:04:16');
INSERT INTO `django_session` VALUES ('3692dcafae10f3e3c3ec10aeead929dc','YWYzZTBmNzI2NWIyMzVjODViZTY5YjYxOThjMTI1ZDUyNzAyNTJmNTqAAn1xAVULd2VpYm9fc3Rh\ndGVxAlUgRkJNQkw4bGowNzIxNkxhV0VaeGtkSnJXRmxnZG9aWmpxA3Mu\n','2014-04-23 11:10:17');
INSERT INTO `django_session` VALUES ('909de29fdf94587b15308a18c4467d54','NTI3NDMxM2E0MTI0YTFkMDIzNTk4ODA3NWYzYzVlZjFjNGMxODNkOTqAAn1xAVUedHdpdHRlcnVu\nYXV0aG9yaXplZF90b2tlbl9uYW1lcQJdcQNVkm9hdXRoX3Rva2VuX3NlY3JldD1oclFpTFlxNTJZ\nVG1oWkRLUXBVR0tlS3AyOWpWUUllNk52cm9mRUZQMWcmb2F1dGhfdG9rZW49VGVvWGRQSU5wRjRj\nNmJvbzcyTkNmNnVOcVlSb2lkOVBLMjhEVGxoMVFNJm9hdXRoX2NhbGxiYWNrX2NvbmZpcm1lZD10\ncnVlcQRhcy4=\n','2014-04-27 03:22:47');
INSERT INTO `django_session` VALUES ('65de42500b66e037cdcd7c46365d3e87','N2ExMDliNTIyMTc3ODRjOTBkNmQ1NDliMGIwODcyMDFjMzk1NWM1OTqAAn1xAShVHnNvY2lhbF9h\ndXRoX2xhc3RfbG9naW5fYmFja2VuZHECWAcAAAB0d2l0dGVycQNVHnR3aXR0ZXJ1bmF1dGhvcml6\nZWRfdG9rZW5fbmFtZXEEXXEFVRJfYXV0aF91c2VyX2JhY2tlbmRxBlUrc29jaWFsX2F1dGguYmFj\na2VuZHMudHdpdHRlci5Ud2l0dGVyQmFja2VuZHEHVQ1fYXV0aF91c2VyX2lkcQiKAQV1Lg==\n','2014-04-27 17:41:06');
INSERT INTO `django_session` VALUES ('717bad9eba25aa028772f73b33cf9e3e','MjUxMTcwYmY3Y2ViYzBhN2EyYzFkMTM1Y2Y5ZDI3NmI2MjgyY2U5YjqAAn1xAVULd2VpYm9fc3Rh\ndGVxAlUgakRmVEVOWVJ6STJFbHoxUWJ4eHp6ZlJpRGZqNnBNSmxxA3Mu\n','2014-04-28 00:26:48');
INSERT INTO `django_session` VALUES ('f5b7463bfb8ce4c198b9010d9e59e438','NjE5YWQ1ZDMyYWVhNTRjN2RhNmRkMmEyNjhjMTYzZDk5NWE5MDNmYTqAAn1xAVUedHdpdHRlcnVu\nYXV0aG9yaXplZF90b2tlbl9uYW1lcQJdcQNVk29hdXRoX3Rva2VuX3NlY3JldD0zRnJTVG5PYmI2\nSmo0U0dyZlhqZGJUeGYwZG5LQjhNeVlSa0lHNzdFNXMmb2F1dGhfdG9rZW49TEpmd0hISVhzWlVO\nbFZmMEFoelNMdG5HUkZaN24za3B4bGJ1TjltNFZPZyZvYXV0aF9jYWxsYmFja19jb25maXJtZWQ9\ndHJ1ZXEEYXMu\n','2014-04-28 11:23:53');
INSERT INTO `django_session` VALUES ('e887350cebd5852056bc61612e7b1a74','YmJjYmRiZWQ1Y2YwZGUxYzRkNmIyMjFmOWU3ZWJkNGI3ODQwYTc5ODqAAn1xAVULd2VpYm9fc3Rh\ndGVxAlUgS3dnNzBwU0ZsUEJ3SGdkd2FRZEo0eVVHQW9UUVA2M1FxA3Mu\n','2014-04-28 11:23:54');
INSERT INTO `django_session` VALUES ('3111542392d31dccd9b6981c6ae2d3cc','OGQ5NGMzZDk4ZGRlYTU5YjkzOThlNGE0YzZjYzIzYWZmNmFhNjlkMTqAAn1xAVULd2VpYm9fc3Rh\ndGVxAlUgYmhYYXBEcFNPeEEzS3RDU0RRYlJxa2E2NXlBQm9iWHNxA3Mu\n','2014-04-29 07:38:16');
INSERT INTO `django_session` VALUES ('ec0b8940a97115e3ddb6f53d902fcdad','Mjg0NGQ1M2ZiNWUxMDMwYzY4YTY2OGJkYmY1MGExMWUxOGI3MGUyZTqAAn1xAVULd2VpYm9fc3Rh\ndGVxAlUgYUtkUDQ2NDd3NW1rNjI5YUVxNGNIYUpvck8zTmdpa05xA3Mu\n','2014-05-01 13:56:48');
INSERT INTO `django_session` VALUES ('d6f32503d04bf1b3853c5e4522c075e7','NWVlOGMxOWExZjQwN2I2NGU2N2Q5ODhiNmZmMDI1ZTZlZjczNjZkZTqAAn1xAVULd2VpYm9fc3Rh\ndGVxAlUgeVlqRXJ4UndGdFdUQmgyN2IybjBTRkg3YzllTGxDdFdxA3Mu\n','2014-05-01 14:22:41');
INSERT INTO `django_session` VALUES ('5321c9f95459370c052b5a05b9efd767','OGQ5YWFjNzNkMGUyMDlhMmQ1ZGE4MDk3YjdjN2ZiZWZhZDQwN2I1YTqAAn1xAShVHnNvY2lhbF9h\ndXRoX2xhc3RfbG9naW5fYmFja2VuZHECWAcAAAB0d2l0dGVycQNVHnR3aXR0ZXJ1bmF1dGhvcml6\nZWRfdG9rZW5fbmFtZXEEXXEFVZFvYXV0aF90b2tlbl9zZWNyZXQ9RjhHUXNoZE1UWmtCZHJHUk0x\nbHNZQ1JrNkYwcnViQnRqOHUweFVwR1NnJm9hdXRoX3Rva2VuPWw1WlQ5RDZTa0c5SFhvWnAyRldS\nY0lLU0lFVjY3ZW1BdHdld3U3MDdvJm9hdXRoX2NhbGxiYWNrX2NvbmZpcm1lZD10cnVlcQZhVRJf\nYXV0aF91c2VyX2JhY2tlbmRxB1Urc29jaWFsX2F1dGguYmFja2VuZHMudHdpdHRlci5Ud2l0dGVy\nQmFja2VuZHEIVQ1fYXV0aF91c2VyX2lkcQmKAQJ1Lg==\n','2014-04-29 05:44:44');
INSERT INTO `django_session` VALUES ('259cbe3737723cfb26c238ca6c618f10','ZjMzNTAzOTg3ZGViM2I2NWY0OWM1M2M3MzAxYTliNWI4N2QwZmRhZTqAAn1xAVULd2VpYm9fc3Rh\ndGVxAlUgZjFNRnFLcW92SnB3c2RNWWMxU1Q2eUxENExMTkN1VmdxA3Mu\n','2014-05-02 04:52:21');
INSERT INTO `django_session` VALUES ('0b32203e2fa04631a081621c43ec8a6e','N2VlZDFlMzZiZmI2YzRmY2U0YjQxZjBkODhkNGU1MGZkNzA5NWZlMDqAAn1xAVUedHdpdHRlcnVu\nYXV0aG9yaXplZF90b2tlbl9uYW1lcQJdcQNVk29hdXRoX3Rva2VuX3NlY3JldD0yWlpRaWswbVNG\ncnU1SG1NZ2szYjhBVGpvTE1TZnZiYUxDRkpkNHQ2c1Emb2F1dGhfdG9rZW49bXFESDc5SG1pSVpT\nUldtUTlvU2F1Y1hxc0hlcVpjNWQ4eU9FeENwcHNyTSZvYXV0aF9jYWxsYmFja19jb25maXJtZWQ9\ndHJ1ZXEEYXMu\n','2014-05-03 19:00:11');
INSERT INTO `django_session` VALUES ('473d512f41e35b054a20c6ffb8d98a43','NTc3NTFjOTYyZmU0YmY2YzllNTg5OWI3MTA0Yjk4ZjFiZjRiMzgwYjqAAn1xAVULd2VpYm9fc3Rh\ndGVxAlUgdXRhRmdmcldMNTF1N2N0a0VOOFJuS0RLUjR6SWdScFFxA3Mu\n','2014-05-03 19:00:15');
INSERT INTO `django_session` VALUES ('86b13489190bafa46ce66a026555f10d','N2ZhNGJmOTRmZjI3MGViMmEzOGE0OThiYzViNDRlOTA2MTJlYmE5NzqAAn1xAVULd2VpYm9fc3Rh\ndGVxAlUgWkhsYjJUOHprZ3pSblp2aE1yTFpacW9odlpWaXBzZ2VxA3Mu\n','2014-05-04 02:28:17');
INSERT INTO `django_session` VALUES ('382ee9cd3c20eaeebae811408107d453','ZTViNjk5ZDUwZDY3NWJjY2ZmZWUzYWQ5ZjlhODk3ZGM5MjA1ZTMyNjqAAn1xAVUedHdpdHRlcnVu\nYXV0aG9yaXplZF90b2tlbl9uYW1lcQJdcQNVkm9hdXRoX3Rva2VuX3NlY3JldD0wcmoxOHVnbmhp\ncVZWMkZwS2thSkdTWUJTRmtNZjdjdzRIb3VKMGhwNmsmb2F1dGhfdG9rZW49TmNIdVBOdjY2QXRS\nb3FRZ3J0YU9DSkRwTkw2UzRRRFRvTEtVSjRXV2U4Jm9hdXRoX2NhbGxiYWNrX2NvbmZpcm1lZD10\ncnVlcQRhcy4=\n','2014-05-04 06:36:06');
INSERT INTO `django_session` VALUES ('0e0eb592574e9f2843b22c8d562af019','MGExZGUyYWU1YTEzZWYzMjAzNmYxMzk2NTJlMWQ2ZDM4ODEyZDM5YjqAAn1xAVULd2VpYm9fc3Rh\ndGVxAlUgd3ExMGxXeFB5NG9xWWtnSVA4Q2hIZmlGNUdIMjFua3BxA3Mu\n','2014-05-04 07:21:25');
INSERT INTO `django_session` VALUES ('f8b0f9cf4e9f26f92bc7282b63eb1d60','OGY5NzI0ODY5NWNjOGYyZGY1Y2JmZTEwOTEzOGEzNGNjYTBkOTg4NTqAAn1xAVUKdGVzdGNvb2tp\nZXECVQZ3b3JrZWRxA3Mu\n','2014-05-05 00:14:44');
INSERT INTO `django_session` VALUES ('15b06a37d786b5a91d69c0565de8578e','OGY5NzI0ODY5NWNjOGYyZGY1Y2JmZTEwOTEzOGEzNGNjYTBkOTg4NTqAAn1xAVUKdGVzdGNvb2tp\nZXECVQZ3b3JrZWRxA3Mu\n','2014-05-05 00:14:44');
INSERT INTO `django_session` VALUES ('5e96402e24d50c73ff0085ac503936b9','OGY5NzI0ODY5NWNjOGYyZGY1Y2JmZTEwOTEzOGEzNGNjYTBkOTg4NTqAAn1xAVUKdGVzdGNvb2tp\nZXECVQZ3b3JrZWRxA3Mu\n','2014-05-05 00:14:49');
INSERT INTO `django_session` VALUES ('e78b7997be9e1cb22caf88a31abb019c','OGY5NzI0ODY5NWNjOGYyZGY1Y2JmZTEwOTEzOGEzNGNjYTBkOTg4NTqAAn1xAVUKdGVzdGNvb2tp\nZXECVQZ3b3JrZWRxA3Mu\n','2014-05-05 00:14:50');
INSERT INTO `django_session` VALUES ('a53398bfa3dbbc0c939698d04c2c6e5f','NTE0YmZhNTA1NmFlNDNjODgyZTQ0ZThiYzI1OTBmYjRlZDkwN2UwNTqAAn1xAShVHnR3aXR0ZXJ1\nbmF1dGhvcml6ZWRfdG9rZW5fbmFtZXECXXEDVZRvYXV0aF90b2tlbl9zZWNyZXQ9RUxKR2RXVzJV\nY2ZHOU5jblJyclJSQ2dLRHhjcmczSFA2TFVMbmJuTzcyUSZvYXV0aF90b2tlbj11WFZiUkI2Y3pl\nZDExbEdHMkFqc2hTZmliRnVuNlRHY3dIQWplZHB5MVVZJm9hdXRoX2NhbGxiYWNrX2NvbmZpcm1l\nZD10cnVlcQRhVQt3ZWlib19zdGF0ZXEFVSAzaUIzVDJaa0o1Q01KRThhdnZNQ0hTQkZUbGxpTnpW\nMHEGdS4=\n','2014-05-05 04:40:17');
INSERT INTO `django_session` VALUES ('2341e1a0a6a6db8624999eda326d345d','ZGRmMzZiMTgzYzgxYjc4YTBmNGE4MDIyOWE5MTViNGMyMzAxODlhODqAAn1xAVUedHdpdHRlcnVu\nYXV0aG9yaXplZF90b2tlbl9uYW1lcQJdcQNVk29hdXRoX3Rva2VuX3NlY3JldD1URDJ3a1dXWGUz\nUE80VkpOREowNWNJbGNWN2l2TEtDblBuNzhGTjRaUVUmb2F1dGhfdG9rZW49Sjg3Q21hZHVycGd1\nY2NRYWdYZzZCTGNNUFFzbURHWGY1cDc5b0g2RnRoYyZvYXV0aF9jYWxsYmFja19jb25maXJtZWQ9\ndHJ1ZXEEYXMu\n','2014-05-05 13:40:37');
INSERT INTO `django_session` VALUES ('09cf9f9c24daf1d80d16805003a42292','OWMxOTUxOWUyNmEyMzQ2OGU1YTMyOWI2ZThjYTZjYjQyMGM3MjU3NDqAAn1xAVUedHdpdHRlcnVu\nYXV0aG9yaXplZF90b2tlbl9uYW1lcQJdcQNVlG9hdXRoX3Rva2VuX3NlY3JldD1pdHhiN0ZKd0pw\nZTVFdzBNY0R2WUE4SFd0anZETHRyWFBsMER0RDEycVNNJm9hdXRoX3Rva2VuPUJKbXY2RThPVHFW\nNDNobkJta2RKTnlZSk12QlpZeWo2VHdhcWJlc1lFRTQmb2F1dGhfY2FsbGJhY2tfY29uZmlybWVk\nPXRydWVxBGFzLg==\n','2014-05-06 14:10:41');
INSERT INTO `django_session` VALUES ('96a36ac76970f33961f7b9817346dad6','Y2MxZjc4NmU5ODU5N2NjY2FiMTMxNTA0OTc2MWI0MTUwZjNmNjFiMTqAAn1xAVUedHdpdHRlcnVu\nYXV0aG9yaXplZF90b2tlbl9uYW1lcQJdcQNVlG9hdXRoX3Rva2VuX3NlY3JldD1Da29kcVFXUlF5\nRXROaUJxWEwxcDgwSjdLYllremJYZ1ltU0R3dTZWQVBBJm9hdXRoX3Rva2VuPTYwaUV2WU1MTWpD\nNFNUQ1p6THFYZUVFM3AxOTBkdlhxOGVhM0JDbG9FR3Mmb2F1dGhfY2FsbGJhY2tfY29uZmlybWVk\nPXRydWVxBGFzLg==\n','2014-05-07 01:19:58');
INSERT INTO `django_session` VALUES ('6c2e18168d32656a434d0a872ae79bca','NzM3OTIxNzA1YzI4NmMxMDU2Mjk3NGQxYzczYjg3NWU5YjYxMDZiYzqAAn1xAVULd2VpYm9fc3Rh\ndGVxAlUgOERBRTIwNEo3ZmhCNTFXMnY5Qmo0UEhTbDYyMVpjZU9xA3Mu\n','2014-05-07 01:20:00');
INSERT INTO `django_session` VALUES ('848f7d38f8704bdf32b01ccdd6c3988a','MGRlMDNmMzhjZjExMTZkNDczY2I5YjQzZDMxMDQ2YjhkM2MzN2RjMzqAAn1xAVULd2VpYm9fc3Rh\ndGVxAlUgYnJISThiQWxGUXREa0lWdjlOWk5pdGJvRVkxMU9menZxA3Mu\n','2014-05-09 00:34:25');
INSERT INTO `django_session` VALUES ('af1d351596bb73c4246dce63d3d318ab','Y2MxYTE4ZDIzZDI1M2Y2Nzk1ODcyOTg2YzE4ODAzY2IyNDg3OTc2NDqAAn1xAVUedHdpdHRlcnVu\nYXV0aG9yaXplZF90b2tlbl9uYW1lcQJdcQNVkW9hdXRoX3Rva2VuX3NlY3JldD05VnJXakxYY3ZJ\nN0MwMWwybTFPbW5pWUg1V2t0QXIwZnA3QlBJVDV2NCZvYXV0aF90b2tlbj1UT2JKV1Z3b0k1eXEz\nTG1mVnpjUU0xSWtlRHR2QzQ0a0RDd2NESzQ1bHMmb2F1dGhfY2FsbGJhY2tfY29uZmlybWVkPXRy\ndWVxBGFzLg==\n','2014-05-10 10:42:26');
INSERT INTO `django_session` VALUES ('407a328103ba75c8679112b2de63bf9a','OGY5NzI0ODY5NWNjOGYyZGY1Y2JmZTEwOTEzOGEzNGNjYTBkOTg4NTqAAn1xAVUKdGVzdGNvb2tp\nZXECVQZ3b3JrZWRxA3Mu\n','2014-05-10 14:32:36');
INSERT INTO `django_session` VALUES ('cdebdaccb841f64c6debf71427898cfb','NjIwZThjODdiYTYzMjY0YTAxYWM1MjhiYzI3NWQ4MjdhN2M5MjNkODqAAn1xAVUedHdpdHRlcnVu\nYXV0aG9yaXplZF90b2tlbl9uYW1lcQJdcQNVk29hdXRoX3Rva2VuX3NlY3JldD1zS0hua3RUd01n\ncmQzZklTOHJlRUkwTWg1MkJkSG9TdzFhRElLd3lBN28mb2F1dGhfdG9rZW49dnRXWEYyWUpLTlVW\naTlZUnVnTngweFJHdklNU3NYblJjNkRxc1pPeU5iWSZvYXV0aF9jYWxsYmFja19jb25maXJtZWQ9\ndHJ1ZXEEYXMu\n','2014-05-10 15:25:20');
INSERT INTO `django_session` VALUES ('f04cde531ed1779c7ab702a64eac3179','YWMzNGIwZjg0MWM1ODkwNDUyMzBhNGZkZGFhNjNmYTJhNjk4ZTg3NTqAAn1xAVULd2VpYm9fc3Rh\ndGVxAlUgNHNXbldzUGJpVVRlYnFxeWdpSFJSRlZhNnBtbjBHNVJxA3Mu\n','2014-05-10 17:21:20');
INSERT INTO `django_session` VALUES ('18d06758f1bdb0a20091e858f3609a47','NTIwZjA5ZmUxNWI5YzBiODMzMDAwNDRhYTBiNDZiMjlmMGY1MjI2MTqAAn1xAVUedHdpdHRlcnVu\nYXV0aG9yaXplZF90b2tlbl9uYW1lcQJdcQNVj29hdXRoX3Rva2VuX3NlY3JldD0zV2xSNnpYSHM3\nYXJxWGllc2RURnV3ZGt0b3FTQWJXRXR6T2U5ZDAmb2F1dGhfdG9rZW49MHljOG5hV3RJTW95UlVo\nV0RnTWU5NHc3WVJEMUhRQ1hxMk9aeFd4enBnJm9hdXRoX2NhbGxiYWNrX2NvbmZpcm1lZD10cnVl\ncQRhcy4=\n','2014-05-11 08:56:30');
INSERT INTO `django_session` VALUES ('b6c9202991fbbbffdbbe55b96e129682','MTY1ZWIyYjI0YTIyYTY2MjgyNTE3MzY2NjM1ZjJlOTRlNmUxZmY5MzqAAn1xAVUedHdpdHRlcnVu\nYXV0aG9yaXplZF90b2tlbl9uYW1lcQJdcQNVk29hdXRoX3Rva2VuX3NlY3JldD1FZ01XV3JWQ0Jv\nRWREeHFmMjd6VFJjMFhJSDRERmNkS2UxcHlnZjZ1SE5FJm9hdXRoX3Rva2VuPTVSOUc4dVlzOVlU\nMFpUa2tzSm9YcGhZVG8zN3Zya2JsUDVSaFRIMFZsVSZvYXV0aF9jYWxsYmFja19jb25maXJtZWQ9\ndHJ1ZXEEYXMu\n','2014-05-11 18:13:38');
INSERT INTO `django_session` VALUES ('6eee777281921d37a54a4060f158c260','NjNlZTdlZmI0ZTdlMmU0OWU0MTUwMTY0NmQyOTdiOTdlZTRhYzU0YjqAAn1xAVUedHdpdHRlcnVu\nYXV0aG9yaXplZF90b2tlbl9uYW1lcQJdcQNVkW9hdXRoX3Rva2VuX3NlY3JldD1McEJ5Q3hqaWw3\nV05ZaGlrVE15VzBmblNNRXRMcUc3cG90RUY3SjNCRSZvYXV0aF90b2tlbj16Y3Q0MlR4OXAwQ1JG\nSE5yREdlUDkwODBlYVRSb3NDWlVaeW9hd25HdTQmb2F1dGhfY2FsbGJhY2tfY29uZmlybWVkPXRy\ndWVxBGFzLg==\n','2014-05-12 08:50:17');
INSERT INTO `django_session` VALUES ('c352d32065d2a95b3966cac135e625e2','OTk4YWY3OGQ0MDY3ZThlYzMyMTBiM2E4NTRiZTIzZTg5MDMwNDJhMDqAAn1xAVULd2VpYm9fc3Rh\ndGVxAlUgM0NORVc2bnVDZTZnUUFoQ0FLSlpVOXprRUN0cFdNMktxA3Mu\n','2014-05-12 22:05:32');
INSERT INTO `django_session` VALUES ('e776bbc4fa5d7d2f95514aa4df91d284','ZWE2NTNiNzA0ZmFjM2E0YTY5MGRhNzBlMjljYmMxODkwZjFmMDk5MDqAAn1xAVUedHdpdHRlcnVu\nYXV0aG9yaXplZF90b2tlbl9uYW1lcQJdcQNVlG9hdXRoX3Rva2VuX3NlY3JldD15dUtib0JObFI2\na1FPNWZvdFFjYUlVOW81WEMyWGxWTEQ1QzZOcVZaYW9JJm9hdXRoX3Rva2VuPVFkbGRwTDNDb2Vi\nTmt0MWlOOGVxMU15UFBYSzNvSmM3dzlMZ0xMREVlSE0mb2F1dGhfY2FsbGJhY2tfY29uZmlybWVk\nPXRydWVxBGFzLg==\n','2014-05-13 21:38:28');
INSERT INTO `django_session` VALUES ('8d0fdcfb23ebdb8431539753e3bd9028','YzBlMmIwNzdhY2EzOWNiMDdmYTg1NGU4NjhkZjY4MTAyMzgxYjc2NTqAAn1xAVULd2VpYm9fc3Rh\ndGVxAlUgZktIYnNvWXVaSlFTTk5HWVgxczN6cUV2Y0ZNME0wWHVxA3Mu\n','2014-05-15 12:49:33');
INSERT INTO `django_session` VALUES ('2a4a367473a0c41fe4164b1a47377d03','Yjk3ZmU2MGMyOGQ2NTBmNjIzYjY5MDM3NTIzNzAwNGM1NGM0OGNiNjqAAn1xAVUedHdpdHRlcnVu\nYXV0aG9yaXplZF90b2tlbl9uYW1lcQJdcQNVkG9hdXRoX3Rva2VuX3NlY3JldD1Hd0RKMGlFMkVx\nRmVuVVdpdjhKZWZnVzd5RUIyOHkwQ3JiUThvUmtZJm9hdXRoX3Rva2VuPXNKeVlRWXhicUxhOWww\nZ0M4TUV5aXJsd3BVSkJIMG9JcE1lODh1WE1vUSZvYXV0aF9jYWxsYmFja19jb25maXJtZWQ9dHJ1\nZXEEYXMu\n','2014-05-16 10:19:08');
INSERT INTO `django_session` VALUES ('b20fc4642896a438f146ca2771643e1d','NDU5MjVjOTcxMjU2NGRjNDg2ODE4NjcxNDZlZWM4OWY1YmU2YTlkMDqAAn1xAVUedHdpdHRlcnVu\nYXV0aG9yaXplZF90b2tlbl9uYW1lcQJdcQNVkW9hdXRoX3Rva2VuX3NlY3JldD1nSTd3STZ2cWQx\nWGRMa2ZOZGoxUXI1WVNHYnVxQ1c2SzNUbm9DcHQzSTQmb2F1dGhfdG9rZW49TmN3N293OU1wdzVL\nUW5HaGVKS2NzUzZIakZkQWVYc3RmQ2dDa1F0QlUmb2F1dGhfY2FsbGJhY2tfY29uZmlybWVkPXRy\ndWVxBGFzLg==\n','2014-05-16 21:59:44');
INSERT INTO `django_session` VALUES ('a2ee3fc2ca072bc7e1a650255dd1563a','YWQwYjBjOTJhMzAwY2Y1NGI1MmUxMzVlYjhkZWE5MjEwYTAyNjMzOTqAAn1xAVULd2VpYm9fc3Rh\ndGVxAlUgWWtsdHMwY1RPTk8xbXp6ZzRLaWlwa0VPUmV0aXk3RDdxA3Mu\n','2014-05-16 21:59:46');
INSERT INTO `django_session` VALUES ('01d90816b797d3db74dbf3eac60d88e8','ZDU2MjVhYWI5OTFkNzkzYjg0MjAxODRlNGQ5NmU0OTgzYzM1Nzk4MTqAAn1xAVULd2VpYm9fc3Rh\ndGVxAlUgUkoyUXFTb0JUV04yaFFjbjdWZkVCYUFibjcwenYySGpxA3Mu\n','2014-05-17 08:49:37');
INSERT INTO `django_session` VALUES ('bcb2d7f0643448ceba7b1d592a6a38f3','OGY5NzI0ODY5NWNjOGYyZGY1Y2JmZTEwOTEzOGEzNGNjYTBkOTg4NTqAAn1xAVUKdGVzdGNvb2tp\nZXECVQZ3b3JrZWRxA3Mu\n','2014-05-17 15:13:17');
INSERT INTO `django_session` VALUES ('f3e0e72a11ad1aa44c92b11eefe12a54','ZmU1ODMzMTUyMzgyNDg2MDNmMWNjODZlYTUzMjYyNjhmNDYzYzFkODqAAn1xAVULd2VpYm9fc3Rh\ndGVxAlUgS1RZY251RTZhakRUVGdDN1BadWdNak43R3NOSnRaeU5xA3Mu\n','2014-05-17 22:36:51');
INSERT INTO `django_session` VALUES ('85d864726a3fd0d32a49c1cf9579e048','OGY5NzI0ODY5NWNjOGYyZGY1Y2JmZTEwOTEzOGEzNGNjYTBkOTg4NTqAAn1xAVUKdGVzdGNvb2tp\nZXECVQZ3b3JrZWRxA3Mu\n','2014-05-17 23:32:16');
INSERT INTO `django_session` VALUES ('8c2ba3af04bdaf99a91aadd2cd055eb8','Y2I2NTQ1YWYyYzI3YjM2ZjY0ZGFkZmIwYWYxNTg0YWViMmM3ZjEwMDqAAn1xAVULd2VpYm9fc3Rh\ndGVxAlUgME00Z3BPcDlFN2pjWmRzWkJCQTVvNUJQVk44NXBuQ0JxA3Mu\n','2014-05-17 23:32:17');
INSERT INTO `django_session` VALUES ('0feef32de7fadf618eb674d345c32f7b','OTIzMDgwMjVmYjNkOTk5NWJiNDllNTVlMTBjYmUwYWI4ODc0ZmJjNDqAAn1xAVUedHdpdHRlcnVu\nYXV0aG9yaXplZF90b2tlbl9uYW1lcQJdcQNVlG9hdXRoX3Rva2VuX3NlY3JldD1LY2JiZnNSTFlD\ncFZKOEl5MWc3VXJGbVA4cGJienRJV3lhODlHVlBnS1lnJm9hdXRoX3Rva2VuPTlFWk92cU9tcmth\nYTI3eXZvWHJoOThqRm80VHpRYlZaZnZVVVl4b1piZjgmb2F1dGhfY2FsbGJhY2tfY29uZmlybWVk\nPXRydWVxBGFzLg==\n','2014-05-17 23:32:18');
INSERT INTO `django_session` VALUES ('e2cfe2a5866b048aa62a2ff0ea7105ab','M2IwOGFiOGI0Y2I1YjNmOWRhODhlMTBmMmY2MzI1Y2Y0MzJjMzlmMjqAAn1xAVUedHdpdHRlcnVu\nYXV0aG9yaXplZF90b2tlbl9uYW1lcQJdcQNVkG9hdXRoX3Rva2VuX3NlY3JldD1kZlIwbjZxelhO\nRWN1b2R2Y1ZNazZmZ2pIZUUzd3hHVHFuVkR4c2N1Qkkmb2F1dGhfdG9rZW49ZUpxbFc5M2p6Ujhi\nZVVtUWd3UUVnNk51TXZzUVdNazFQTWVHWVJ4ZyZvYXV0aF9jYWxsYmFja19jb25maXJtZWQ9dHJ1\nZXEEYXMu\n','2014-05-18 00:05:31');
INSERT INTO `django_session` VALUES ('31bfb903edc7cb5e3dff12c4a2cffe23','YWMyZTA0MGViYjVmMWQzNDIxMzY2NWU0N2EwZDkxZWEyY2IwNDczMzqAAn1xAVULd2VpYm9fc3Rh\ndGVxAlUgSG5XZGZwWk1YUWNHNFVVcVladXFuQlNXc2J4bkxnalBxA3Mu\n','2014-05-18 22:58:50');
INSERT INTO `django_session` VALUES ('5e44f5f9d80edb84d5b8eccbf53421e2','ZjVmMjFkM2VjZDNiZjQxYWU1YzMxMTM1MDlmMjkwMTMyZWVlMGZhMjqAAn1xAShVHnR3aXR0ZXJ1\nbmF1dGhvcml6ZWRfdG9rZW5fbmFtZXECXXEDVZJvYXV0aF90b2tlbl9zZWNyZXQ9TDRka3BjdXo2\nQXJmUGJqOGNYRnlmc3VNekd6ZFdzaFpXRVZacW00UVkmb2F1dGhfdG9rZW49NXpkcEt5anJYbVRD\nenpzenpEMEhhRk45RVJuNlZ4eXVod2pLZWFsbG9HNCZvYXV0aF9jYWxsYmFja19jb25maXJtZWQ9\ndHJ1ZXEEYVULd2VpYm9fc3RhdGVxBVUgZkY0MEhHT2dMRmlaRXVnNmtCaktON0EwdEQweUFYUW5x\nBnUu\n','2014-05-30 07:56:18');
INSERT INTO `django_session` VALUES ('1e4c9205cffd3ea025a8c02fac914463','Yjk2MjA1NGI3NjAzNGZlZDc5NDQ2NzFiOGNlMjM0OWMzNDkxMWY2NjqAAn1xAVULd2VpYm9fc3Rh\ndGVxAlUgUGRsVG56eXlLOWhPVmpxM2VqRjJKTlUxSUV0NFFzQ3NxA3Mu\n','2014-05-21 23:31:40');
INSERT INTO `django_session` VALUES ('ece9d0769caff35714b826fd7d3f9b0f','NjBhMmI4YTY3ODhjODAyNDliZjM0Y2ZiN2JiZGEzYzEyMTVjMmM4NDqAAn1xAShVHnNvY2lhbF9h\ndXRoX2xhc3RfbG9naW5fYmFja2VuZHECWAcAAAB0d2l0dGVycQNVHnR3aXR0ZXJ1bmF1dGhvcml6\nZWRfdG9rZW5fbmFtZXEEXXEFVRJfYXV0aF91c2VyX2JhY2tlbmRxBlUrc29jaWFsX2F1dGguYmFj\na2VuZHMudHdpdHRlci5Ud2l0dGVyQmFja2VuZHEHVQ1fYXV0aF91c2VyX2lkcQiKARJ1Lg==\n','2014-05-22 04:35:05');
INSERT INTO `django_session` VALUES ('5952ffb152fb5f68f2ad97e4fad4666a','N2ExMDliNTIyMTc3ODRjOTBkNmQ1NDliMGIwODcyMDFjMzk1NWM1OTqAAn1xAShVHnNvY2lhbF9h\ndXRoX2xhc3RfbG9naW5fYmFja2VuZHECWAcAAAB0d2l0dGVycQNVHnR3aXR0ZXJ1bmF1dGhvcml6\nZWRfdG9rZW5fbmFtZXEEXXEFVRJfYXV0aF91c2VyX2JhY2tlbmRxBlUrc29jaWFsX2F1dGguYmFj\na2VuZHMudHdpdHRlci5Ud2l0dGVyQmFja2VuZHEHVQ1fYXV0aF91c2VyX2lkcQiKAQV1Lg==\n','2014-05-22 11:31:49');
INSERT INTO `django_session` VALUES ('78dc9cb47fd8e6a65f845439c7674115','OTc3NDEzMWY1NmNhMjM4ZmQ0ZTU1OTE2Yzk1OWM2Yzg1NjZiNTk0NjqAAn1xAShVHnNvY2lhbF9h\ndXRoX2xhc3RfbG9naW5fYmFja2VuZHECWAcAAAB0d2l0dGVycQNVHnR3aXR0ZXJ1bmF1dGhvcml6\nZWRfdG9rZW5fbmFtZXEEXXEFVRJfYXV0aF91c2VyX2JhY2tlbmRxBlUrc29jaWFsX2F1dGguYmFj\na2VuZHMudHdpdHRlci5Ud2l0dGVyQmFja2VuZHEHVQ1fYXV0aF91c2VyX2lkcQiKAQZ1Lg==\n','2014-05-26 03:01:43');
INSERT INTO `django_session` VALUES ('245a758df6a207c7ce8da4437ada86dc','ZGUzMTVhZmVmZWExYmQ4ODljMDZiZWZkZTVkYTExOGIzOWIwZGI4ODqAAn1xAShVHnNvY2lhbF9h\ndXRoX2xhc3RfbG9naW5fYmFja2VuZHECWAcAAAB0d2l0dGVycQNVHnR3aXR0ZXJ1bmF1dGhvcml6\nZWRfdG9rZW5fbmFtZXEEXXEFVRJfYXV0aF91c2VyX2JhY2tlbmRxBlUrc29jaWFsX2F1dGguYmFj\na2VuZHMudHdpdHRlci5Ud2l0dGVyQmFja2VuZHEHVQ1fYXV0aF91c2VyX2lkcQiKAQJ1Lg==\n','2014-05-22 07:26:58');
INSERT INTO `django_session` VALUES ('f1a17b6b7404334e6ed75bc945be1fde','MTBlZjU5NmY3NTM1ZTVkZGJiODBkY2UyMjhkZmY4NTkwZTI1NDFiMzqAAn1xAShVHnR3aXR0ZXJ1\nbmF1dGhvcml6ZWRfdG9rZW5fbmFtZXECXXEDVZFvYXV0aF90b2tlbl9zZWNyZXQ9NXJ2ZGswV0dt\nWWllWjFJRnhqbWJ5Y2xZOWttYjNFeUdNZVlQQ1FHRlpZJm9hdXRoX3Rva2VuPW5TazBVYzZmc2Zk\nMFJYS2J5M1R5dXl2dVhrWnFuRmRMSmIwanRtYzc4Jm9hdXRoX2NhbGxiYWNrX2NvbmZpcm1lZD10\ncnVlcQRhVQt3ZWlib19zdGF0ZXEFVSBxazY2VGV2R0hzY2FwZG1qdU1NcTVSaGtrN0RHOTUwd3EG\ndS4=\n','2014-05-26 03:13:31');
INSERT INTO `django_session` VALUES ('b0627099a7cb522e13733ca54cd71704','NDk1MDI3NTI3NTZlNTMwMGIxNjQyZGZiOTg2NDkyNTRmYzQxYjVjYjqAAn1xAShVHnNvY2lhbF9h\ndXRoX2xhc3RfbG9naW5fYmFja2VuZHECVQd0d2l0dGVycQNVHnR3aXR0ZXJ1bmF1dGhvcml6ZWRf\ndG9rZW5fbmFtZXEEXXEFVRJfYXV0aF91c2VyX2JhY2tlbmRxBlUrc29jaWFsX2F1dGguYmFja2Vu\nZHMudHdpdHRlci5Ud2l0dGVyQmFja2VuZHEHVQ1fYXV0aF91c2VyX2lkcQiKARN1Lg==\n','2014-05-26 03:01:55');
INSERT INTO `django_session` VALUES ('0a9973ccc14455b9bc186871e6e82186','M2NmMGQ3NWYzZmNmNTNkYWM0M2FjYzdmY2E2OTAwZjg1YzMwZWQ4MjqAAn1xAVUedHdpdHRlcnVu\nYXV0aG9yaXplZF90b2tlbl9uYW1lcQJdcQNVkW9hdXRoX3Rva2VuX3NlY3JldD1zQVNJVndObnFF\nQll2elRwS1RUcU5KeEdmREh4ZElzdlMyQ3pSQmhZTGY4Jm9hdXRoX3Rva2VuPTRVbVNjZkdpUk04\naWk2UW95TFdYRnZ0STdWdkJpaGZzT1RiODRORGsmb2F1dGhfY2FsbGJhY2tfY29uZmlybWVkPXRy\ndWVxBGFzLg==\n','2014-05-27 10:00:24');
INSERT INTO `django_session` VALUES ('d82e3c7b75c1ebdaf0d660334be47091','MjIwNjE1NGQ3MWEyZmM0ZDc3YzQyYzUzZWQwNzc2NDQ5ZTQ2ZmFkNTqAAn1xAVUedHdpdHRlcnVu\nYXV0aG9yaXplZF90b2tlbl9uYW1lcQJdcQNVlG9hdXRoX3Rva2VuX3NlY3JldD1aVDRDNjEyNUQ5\nQld5S2dSR3prYzRleGg4cmJ0djdtN09TWWVaWFE1OURjJm9hdXRoX3Rva2VuPVhCMFl2Q3FvZFZi\nR2oyTnZXd2Q0NVNpVlJMbGthcjF3c3hZSlZ1Z3ozVlEmb2F1dGhfY2FsbGJhY2tfY29uZmlybWVk\nPXRydWVxBGFzLg==\n','2014-05-27 12:48:43');
INSERT INTO `django_session` VALUES ('f8efabd91e17f22603f0dfd4616f5c3a','OTRiOGFhNWMzYzBkMjYzYzJmYjM3NmQ3YTQwMTA1ZmRhNjU2MWZhODqAAn1xAVUedHdpdHRlcnVu\nYXV0aG9yaXplZF90b2tlbl9uYW1lcQJdcQNVjm9hdXRoX3Rva2VuX3NlY3JldD1UbWtsc3o2SUdm\nTWtoSU9RdFlEdUhlSHRGMDhISmMwcHpDS3o5dHVUVSZvYXV0aF90b2tlbj1TMzc1cGtkOXlxeGRB\nNTJwdHJQbEs5MU45UG8wUFBWcW5ydDVIazAmb2F1dGhfY2FsbGJhY2tfY29uZmlybWVkPXRydWVx\nBGFzLg==\n','2014-05-27 14:23:59');
INSERT INTO `django_session` VALUES ('7984cad44e37e3f9885ab9dbb02630e6','OTJkYjg4ZTdkMzJjNDVlNzA5Y2JhOWMzNzc2MTYxMTc4NzgyZDVmZjqAAn1xAVUedHdpdHRlcnVu\nYXV0aG9yaXplZF90b2tlbl9uYW1lcQJdcQNVj29hdXRoX3Rva2VuX3NlY3JldD1Hb3BOZVcwaGto\nMXlLRk5iSmxnNEYzQ2ZJTzVad3lmbzVFbVpzV29rJm9hdXRoX3Rva2VuPURoQkhtZXRIU2tSc3pT\nUXNtcnFjYkxLVXFkcTU1clNqTGtsa1ZHbndzJm9hdXRoX2NhbGxiYWNrX2NvbmZpcm1lZD10cnVl\ncQRhcy4=\n','2014-05-28 21:16:48');
INSERT INTO `django_session` VALUES ('c6b65a3cd33b906e31cde3ac01cf7045','NTUzYWQ2MmMwM2Y4OGU1OTNhMzYyYzBjMTEyNDRlMmNhODAzNTg5ODqAAn1xAS4=\n','2014-05-27 19:26:05');
INSERT INTO `django_session` VALUES ('474b6685503782eb41433011ce346210','OGY5NzI0ODY5NWNjOGYyZGY1Y2JmZTEwOTEzOGEzNGNjYTBkOTg4NTqAAn1xAVUKdGVzdGNvb2tp\nZXECVQZ3b3JrZWRxA3Mu\n','2014-05-28 04:24:09');
INSERT INTO `django_session` VALUES ('0a55871ee8c55e614b3b95084a93abe1','YzA2Y2U5MWQ0N2QxNWQ3Mzk0ZjAyZDdkYjllNDg0Y2M3Yjk3NGM0ZDqAAn1xAVULd2VpYm9fc3Rh\ndGVxAlUgSDlWek9Va3puQ1g4ck1uSDBUYjh6OEQ1MmlzZzJ4blFxA3Mu\n','2014-05-28 21:16:52');
INSERT INTO `django_session` VALUES ('f3719d1059bc17897c45d9b0cc1f9f52','MjdjMmEyMGE3MDkzMGFlZjlmOGE0ZTQ0OGYwZjg5MjI1YThiMTUyZjqAAn1xAShVHnNvY2lhbF9h\ndXRoX2xhc3RfbG9naW5fYmFja2VuZHECVQd0d2l0dGVycQNVHnR3aXR0ZXJ1bmF1dGhvcml6ZWRf\ndG9rZW5fbmFtZXEEXXEFVRJfYXV0aF91c2VyX2JhY2tlbmRxBlUrc29jaWFsX2F1dGguYmFja2Vu\nZHMudHdpdHRlci5Ud2l0dGVyQmFja2VuZHEHVQ1fYXV0aF91c2VyX2lkcQiKARV1Lg==\n','2014-05-28 11:24:01');
INSERT INTO `django_session` VALUES ('b51f6e392d19cabf3d40e5890c8e6e68','YWZiMzlmNWNjNzg2YTVkNWU3NDViNjRiMTgwZjgwMTdmODE5MWJjMjqAAn1xAVULd2VpYm9fc3Rh\ndGVxAlUgNXZYa0pZZlBZaFRmMTA1dGY0SjFkMUFaZzBaa3NyOW9xA3Mu\n','2014-05-29 06:02:59');
INSERT INTO `django_session` VALUES ('76ae0510b302ef4126dcf5f7ff68c992','NzI4YTdiNWFmZjU1MzJjZWQwZTU1MGQ0M2QyM2U4ZTVjZjRkZDJmMjqAAn1xAVULd2VpYm9fc3Rh\ndGVxAlUgREU4UzRKU0tZVkhibVU5VzBycnlPMmQxc3ZXYlZ1NGNxA3Mu\n','2014-05-29 06:03:02');
INSERT INTO `django_session` VALUES ('fec890401665e53aded3063e52662ffe','NDdjZjZkNjkzNDJlYmFkZWUzM2I0YjBmODA4ZDljMGM0YzI2NWMyZDqAAn1xAVULd2VpYm9fc3Rh\ndGVxAlUgek95MG9BaDZ6VzB0TjdTMEh6UDlqZVNqTnR1TzdEQ0JxA3Mu\n','2014-05-30 08:10:59');
INSERT INTO `django_session` VALUES ('a68a08c1e6d2f1076bb64321dc41b7d6','YTdhYWEwNjVlY2QwNzcwN2I4ZGI1ZjcwYzE1OGQ0MDE3NmZhZWU0MDqAAn1xAVULd2VpYm9fc3Rh\ndGVxAlUgN0l6ejJhdzVFZWJmZ3FzWVdzdkxXNVZGa2RqRWp1dERxA3Mu\n','2014-05-30 17:14:45');
INSERT INTO `django_session` VALUES ('dac29540e3e30554ab4446403905574b','YTcyYjEyYWExMjBmODAxMTYyM2U5ODcxN2I5YTJmYTg2ZTZjMzI4YzqAAn1xAVUedHdpdHRlcnVu\nYXV0aG9yaXplZF90b2tlbl9uYW1lcQJdcQNVj29hdXRoX3Rva2VuX3NlY3JldD1ZY0J4TjZ5QkhG\naFlJeDlNNm84VmFlR0ZFNEd0QnFaaDB3aGFmRm13Jm9hdXRoX3Rva2VuPVA0TzhnQWFBbEN4T2p4\ndlp4N0hLQjF5azNoaVc0cUdPa0RVQ0JUU0hBJm9hdXRoX2NhbGxiYWNrX2NvbmZpcm1lZD10cnVl\ncQRhcy4=\n','2014-05-31 15:17:54');
INSERT INTO `django_session` VALUES ('852285f0c3774f6daf60e992b005c3a1','ZGY5NWUwYTI1MjdhZDYzMDlmM2I2ZWRjZDRhZWRjMDc4YTAzYWQ3MDqAAn1xAShVHnNvY2lhbF9h\ndXRoX2xhc3RfbG9naW5fYmFja2VuZHECVQd0d2l0dGVycQNVHnR3aXR0ZXJ1bmF1dGhvcml6ZWRf\ndG9rZW5fbmFtZXEEXXEFVRJfYXV0aF91c2VyX2JhY2tlbmRxBlUrc29jaWFsX2F1dGguYmFja2Vu\nZHMudHdpdHRlci5Ud2l0dGVyQmFja2VuZHEHVQ1fYXV0aF91c2VyX2lkcQiKARZ1Lg==\n','2014-05-31 06:57:34');
INSERT INTO `django_session` VALUES ('220f6540e3aab230d73e1cbad73cfe35','NTFhYTFiOTk1NWUzMmU1ODBkZWU4MGE5OTA4MWFhOWUxOGZmNzI4NDqAAn1xAVUedHdpdHRlcnVu\nYXV0aG9yaXplZF90b2tlbl9uYW1lcQJdcQNVk29hdXRoX3Rva2VuX3NlY3JldD1MbkFyRlVhVFFh\nTWYzTzREWVVHRElTYzN3bTZ6WTk2UktoZlNJeHpiWHVNJm9hdXRoX3Rva2VuPXZ5UU9FWFVzUnRM\nQ1ZiYkhtY3VsaFAzNkVnNXM4VXZuTXNKbWNpcG4yayZvYXV0aF9jYWxsYmFja19jb25maXJtZWQ9\ndHJ1ZXEEYXMu\n','2014-06-02 17:17:58');
INSERT INTO `django_session` VALUES ('0d6993cb3d72d7db6f292a6f42fee16e','ZTUyYWYxNzNlZDlkMWM3MDBjMGZlNGI4YmU5ZGYzYTBjMzRiZGYyMDqAAn1xAVUedHdpdHRlcnVu\nYXV0aG9yaXplZF90b2tlbl9uYW1lcQJdcQNVkG9hdXRoX3Rva2VuX3NlY3JldD1mWk9XT2t3Z2Ew\ndjZtdEpwS0pyOVNKWXdTbnBCdEVVdWZXY3UxdDc1OCZvYXV0aF90b2tlbj1sMnUxOWFvbFlXZDJk\nVG5LYnRGemZPWHA1MUtEN0Ztd3pqNXVoeTI5QSZvYXV0aF9jYWxsYmFja19jb25maXJtZWQ9dHJ1\nZXEEYXMu\n','2014-06-03 05:12:09');
INSERT INTO `django_session` VALUES ('c4128be125b96b2379448c30f9de6777','ZmNiMTY1ZDI3NDYxNjZlZTY4YTg3YzAwY2I1OTQzYTNjZDgxNWZlMDqAAn1xAShVHnNvY2lhbF9h\ndXRoX2xhc3RfbG9naW5fYmFja2VuZHECVQd0d2l0dGVycQNVHnR3aXR0ZXJ1bmF1dGhvcml6ZWRf\ndG9rZW5fbmFtZXEEXXEFVRJfYXV0aF91c2VyX2JhY2tlbmRxBlUrc29jaWFsX2F1dGguYmFja2Vu\nZHMudHdpdHRlci5Ud2l0dGVyQmFja2VuZHEHVQ1fYXV0aF91c2VyX2lkcQiKARd1Lg==\n','2014-06-02 17:18:18');
INSERT INTO `django_session` VALUES ('dae03a7868e0057ec4f795047cdaffe3','N2FkYzRiYTE1ZjY0NmQwODBmM2QxOGEyNzFhYTY2MWYzMThmNjY0MjqAAn1xAVUedHdpdHRlcnVu\nYXV0aG9yaXplZF90b2tlbl9uYW1lcQJdcQNVj29hdXRoX3Rva2VuX3NlY3JldD1GQkZhV2NFRTg1\nZzRBdzlrZ28yUU5QTWROWEpneHgxNE9wdXRQSzhFJm9hdXRoX3Rva2VuPWlyQmd0WlB0a0s0N2Qy\nMjRuMUtXeUlNa1VhU3RCRmkzOTM2azRqZnRJJm9hdXRoX2NhbGxiYWNrX2NvbmZpcm1lZD10cnVl\ncQRhcy4=\n','2014-06-03 09:16:27');
INSERT INTO `django_session` VALUES ('7d39980e5a822d695ab1089a4d3976c1','OGY5NzI0ODY5NWNjOGYyZGY1Y2JmZTEwOTEzOGEzNGNjYTBkOTg4NTqAAn1xAVUKdGVzdGNvb2tp\nZXECVQZ3b3JrZWRxA3Mu\n','2014-06-04 05:06:01');
INSERT INTO `django_session` VALUES ('8d1f3ae29fae46583e1dca281bb1d777','M2MxODBkYmZhNDMzNDg1MjVjM2I4MjFmNWYyMDA1NGY5NDNkZDRhMjqAAn1xAVUedHdpdHRlcnVu\nYXV0aG9yaXplZF90b2tlbl9uYW1lcQJdcQNVk29hdXRoX3Rva2VuX3NlY3JldD1jQ2t0ZTNQNTZU\nSXE3bXREdGlrekRoVmJ3UTdOWkJ0ZXhBdnRFTEIzSmx3Jm9hdXRoX3Rva2VuPVppYWVYMkxicUtP\nQ1cxRmZxSUZsM3RUQkI0MU5yNHJFZ3F3cjNmY1h6cyZvYXV0aF9jYWxsYmFja19jb25maXJtZWQ9\ndHJ1ZXEEYXMu\n','2014-06-04 17:50:50');
INSERT INTO `django_session` VALUES ('bcb64a094b79decb4bc4e7070ac2f9eb','Y2QzNDc4MGVmZjliMTgzZGVhMDRjNTVmOGZlN2U5OWU5MGYwOTdkZjqAAn1xAVULd2VpYm9fc3Rh\ndGVxAlUgRmpOeWxZTU1idTdCQUJFUmM5ZFpWRGlhdmN1OXZnRG9xA3Mu\n','2014-06-06 03:29:24');
INSERT INTO `django_session` VALUES ('ca1ca4b459ff17cb870240a20e59bdbf','OWQ0N2JmOWNmNzg4MmVhYzk2ZGUxMDU0Nzc2MDllYTgwNjhkNWYwMzqAAn1xAVULd2VpYm9fc3Rh\ndGVxAlUgSmFYVUZIdkdXdGo0NWl3YVhFN2VZTVdhdGQwWXAza0xxA3Mu\n','2014-06-07 15:30:53');
INSERT INTO `django_session` VALUES ('520d4af5076a2c9af2bb2e29b4f95607','OTc3NDEzMWY1NmNhMjM4ZmQ0ZTU1OTE2Yzk1OWM2Yzg1NjZiNTk0NjqAAn1xAShVHnNvY2lhbF9h\ndXRoX2xhc3RfbG9naW5fYmFja2VuZHECWAcAAAB0d2l0dGVycQNVHnR3aXR0ZXJ1bmF1dGhvcml6\nZWRfdG9rZW5fbmFtZXEEXXEFVRJfYXV0aF91c2VyX2JhY2tlbmRxBlUrc29jaWFsX2F1dGguYmFj\na2VuZHMudHdpdHRlci5Ud2l0dGVyQmFja2VuZHEHVQ1fYXV0aF91c2VyX2lkcQiKAQZ1Lg==\n','2014-06-06 06:10:19');
INSERT INTO `django_session` VALUES ('77c989248560bdf51a0d15de6fec87b7','MzhhMGEyMzZhOGJiODc0NjVkMzdjNzQ4NTk0Njg3ODllZTRiMmVhNzqAAn1xAVULd2VpYm9fc3Rh\ndGVxAlUgSXN4QVlxTmgxZmZPWWJHc2k1ZjRRdnF3eFp4UzdHTkJxA3Mu\n','2014-06-06 13:33:05');
INSERT INTO `django_session` VALUES ('4d02ad8fe0f663ed06754c98eecaafd7','NjBhMmI4YTY3ODhjODAyNDliZjM0Y2ZiN2JiZGEzYzEyMTVjMmM4NDqAAn1xAShVHnNvY2lhbF9h\ndXRoX2xhc3RfbG9naW5fYmFja2VuZHECWAcAAAB0d2l0dGVycQNVHnR3aXR0ZXJ1bmF1dGhvcml6\nZWRfdG9rZW5fbmFtZXEEXXEFVRJfYXV0aF91c2VyX2JhY2tlbmRxBlUrc29jaWFsX2F1dGguYmFj\na2VuZHMudHdpdHRlci5Ud2l0dGVyQmFja2VuZHEHVQ1fYXV0aF91c2VyX2lkcQiKARJ1Lg==\n','2014-06-06 10:25:24');
INSERT INTO `django_session` VALUES ('f1ef12fd9308c55be8f5d508f777386a','MzI4ZWQwNzQ4N2U0ZmY1ZjgxM2I3NWU2NjQ1ZjIzNDQ3MDUzMDk5MzqAAn1xAVULd2VpYm9fc3Rh\ndGVxAlUgN1JTOUV5YTFzdDJOazI3OUtNY3FpUFFPYURxdHoyUEFxA3Mu\n','2014-06-07 10:10:25');
INSERT INTO `django_session` VALUES ('15ce4983cd0874e833e46653f0aeced0','YmE0NDFlZDNmYjQ3NDM1ZDQ3MzAyMzEwNmI0MjEyMjY5ZGUzZmRjODqAAn1xAVUedHdpdHRlcnVu\nYXV0aG9yaXplZF90b2tlbl9uYW1lcQJdcQNVk29hdXRoX3Rva2VuX3NlY3JldD1vZjg1b3JURk9M\nU0Y1ZXI1b2ZOd284b3hWOTMySVphaUlyc3EzWGV6bmsmb2F1dGhfdG9rZW49VGFDVmRDWUxPZk4x\ndmMzaXAybnJneHQzYUI1Qmtpa1EzM2VNZnBxMUQ3MCZvYXV0aF9jYWxsYmFja19jb25maXJtZWQ9\ndHJ1ZXEEYXMu\n','2014-06-07 15:29:55');
INSERT INTO `django_session` VALUES ('281671a44c11e8c6c6d1141df2c88503','ZTEzYWNjNzczYWMwOGRhOTBlMTA5MTVhZjgyZmJlYTA3NGY4ZDQxYTqAAn1xAShVHnNvY2lhbF9h\ndXRoX2xhc3RfbG9naW5fYmFja2VuZHECVQd0d2l0dGVycQNVEl9hdXRoX3VzZXJfYmFja2VuZHEE\nVStzb2NpYWxfYXV0aC5iYWNrZW5kcy50d2l0dGVyLlR3aXR0ZXJCYWNrZW5kcQVVHnR3aXR0ZXJ1\nbmF1dGhvcml6ZWRfdG9rZW5fbmFtZXEGXXEHVY9vYXV0aF90b2tlbl9zZWNyZXQ9RnJPak94NjE3\nUGJRanNENWRyVnlaWUx1N0tTelhmYVdjY0hxSlg5RlEmb2F1dGhfdG9rZW49ekQxa2VlMWpKbjNQ\nTUVVdmIwMHlaMU9aY0RrblJHM3VpMU5iM2ozSSZvYXV0aF9jYWxsYmFja19jb25maXJtZWQ9dHJ1\nZXEIYVULd2VpYm9fc3RhdGVxCVUgc3hRMVAwMkNqQXhSMkVDSEVGWDdrNEFpYnp5RmRGaVBxClUN\nX2F1dGhfdXNlcl9pZHELigEYdS4=\n','2014-06-07 08:17:00');
INSERT INTO `django_session` VALUES ('d90e713959ba4875928d8a3641048950','OWUyYzg1YzVhMGQ4OTQ1ZDNkZTRmODg1YTcyMzFkNWI3YTZlYTc1YzqAAn1xAVULd2VpYm9fc3Rh\ndGVxAlUgZTdwbkFZRENFckFoWUtzdDBqRkE3TGF6WTI0VGRuMTdxA3Mu\n','2014-06-08 01:46:04');
INSERT INTO `django_session` VALUES ('758776acf1b1e4853e1f86083d42964e','MTNlODQzZGY0YWQwNTIzNmE5YjhiMmI4NGM1MWJkNGM4ZDEyNWJmODqAAn1xAShVHnR3aXR0ZXJ1\nbmF1dGhvcml6ZWRfdG9rZW5fbmFtZXECXXEDVY5vYXV0aF90b2tlbl9zZWNyZXQ9ZFptbGNhWG9y\nbGJaOHdNNVlRcTJ0NUM5dXZ5SFFvWXFvSVp1VVRJJm9hdXRoX3Rva2VuPVJoVnBTb1c3b0ZGT0V2\nQ1dlOWhYcDloWnhjN2dKYjg3clBmTWNYZEYwJm9hdXRoX2NhbGxiYWNrX2NvbmZpcm1lZD10cnVl\ncQRhVQt3ZWlib19zdGF0ZXEFVSAzMHJpcGp6dWNMWjJaaWJWVTBHTk5Bemtmb29xUVRWZHEGdS4=\n','2014-06-09 06:26:19');
INSERT INTO `django_session` VALUES ('93c1d30d2bc95faaec289ad86e2ef2fa','ZGUzMTVhZmVmZWExYmQ4ODljMDZiZWZkZTVkYTExOGIzOWIwZGI4ODqAAn1xAShVHnNvY2lhbF9h\ndXRoX2xhc3RfbG9naW5fYmFja2VuZHECWAcAAAB0d2l0dGVycQNVHnR3aXR0ZXJ1bmF1dGhvcml6\nZWRfdG9rZW5fbmFtZXEEXXEFVRJfYXV0aF91c2VyX2JhY2tlbmRxBlUrc29jaWFsX2F1dGguYmFj\na2VuZHMudHdpdHRlci5Ud2l0dGVyQmFja2VuZHEHVQ1fYXV0aF91c2VyX2lkcQiKAQJ1Lg==\n','2014-06-08 08:59:34');
INSERT INTO `django_session` VALUES ('57b51b1324e6c1c764cba12545259790','MTIzYzM5ZjAxYzE4M2JmMzkyNTk4YWMyZGE2ZGI1M2IwMGJjZjc2ZTqAAn1xAVUedHdpdHRlcnVu\nYXV0aG9yaXplZF90b2tlbl9uYW1lcQJdcQNVk29hdXRoX3Rva2VuX3NlY3JldD1wM05QUWdnQ2Nx\nNDVqaVBtZGZWb2h4V0lnNkVhbHI1dlBmQlY1VXhxeEUmb2F1dGhfdG9rZW49ZmpXUno0aG5nTVp4\nbFFUTmNvUlYxdGtDdUQ4bXE1a1psZmRwZjVNczhSMCZvYXV0aF9jYWxsYmFja19jb25maXJtZWQ9\ndHJ1ZXEEYXMu\n','2014-06-09 22:36:21');
INSERT INTO `django_session` VALUES ('7a5669f748cb42dca35f2018f4c58b20','MjE0YmI5NWQ3ZWIzYjU3NWM0N2JiMmE5NDE4ZjM5Y2VmMjMzOTcwYzqAAn1xAVULd2VpYm9fc3Rh\ndGVxAlUgRzVmVWM5dW9nZkxuUURDSzhhVm9oV3EwSkRLNlFPVDhxA3Mu\n','2014-06-12 02:55:03');
INSERT INTO `django_session` VALUES ('f0170b37e9d9ffcef2a2cf4b4b991a56','YzdmMWI2ZDllN2I0Y2VkZmQ5NWM5YWU0MTU0NTM4MGFkMzBhYmNhZTqAAn1xAShVHnR3aXR0ZXJ1\nbmF1dGhvcml6ZWRfdG9rZW5fbmFtZXECXXEDVZJvYXV0aF90b2tlbl9zZWNyZXQ9MXVmTmpFNkE1\nemxXMVZLRUhiZVcwWEFMNmVRUktNYVVBdHNyRHJaRVBNJm9hdXRoX3Rva2VuPUFYSEg1bzZuaG9t\nOXRFVmFXclFTWktucTJVc21vMmd6MU1xWTQ3eVVNdyZvYXV0aF9jYWxsYmFja19jb25maXJtZWQ9\ndHJ1ZXEEYVULd2VpYm9fc3RhdGVxBVUgQ0RUR1hQZU52R09NTGM0emJsQnNHYk5xRUZ3SW40eVBx\nBnUu\n','2014-06-14 13:35:21');
INSERT INTO `django_session` VALUES ('960ac3f819950e3265dff20aa0b71fd1','ZGUzMTVhZmVmZWExYmQ4ODljMDZiZWZkZTVkYTExOGIzOWIwZGI4ODqAAn1xAShVHnNvY2lhbF9h\ndXRoX2xhc3RfbG9naW5fYmFja2VuZHECWAcAAAB0d2l0dGVycQNVHnR3aXR0ZXJ1bmF1dGhvcml6\nZWRfdG9rZW5fbmFtZXEEXXEFVRJfYXV0aF91c2VyX2JhY2tlbmRxBlUrc29jaWFsX2F1dGguYmFj\na2VuZHMudHdpdHRlci5Ud2l0dGVyQmFja2VuZHEHVQ1fYXV0aF91c2VyX2lkcQiKAQJ1Lg==\n','2014-06-12 02:45:20');
INSERT INTO `django_session` VALUES ('2de7ae9fe6ec7100dc75d9cc904ddfaa','ZjkzNzBiOGE1NDBmNjIyMzczYmMxMmViZmE2NTllYTg1NmUzOTQzMDqAAn1xAVUedHdpdHRlcnVu\nYXV0aG9yaXplZF90b2tlbl9uYW1lcQJdcQNVkm9hdXRoX3Rva2VuX3NlY3JldD16c3FDQ3djSHBO\nWVVPemJLcUpsa0Z0N1Z0aVNmd3VJckh2elVrRWVzMnMmb2F1dGhfdG9rZW49TE5OT255c2R3aHVN\neEVGZXUxVnhjRXFkNEhEWHZvMHVLZHcwd0lPREZNJm9hdXRoX2NhbGxiYWNrX2NvbmZpcm1lZD10\ncnVlcQRhcy4=\n','2014-06-14 17:01:22');
INSERT INTO `django_session` VALUES ('59c57045dc6b9822f82b2399cb3675c4','ZjFiODQ1OTM3YWVjYmUwZDQ4YjNhYjhmZGQ3ZDkzOWIwNGU4ZWNkYTqAAn1xAVULd2VpYm9fc3Rh\ndGVxAlUgcW5sRm5aTTFCZDdzZWFyOHpKWEtWMk1aMlkzRzNyRHJxA3Mu\n','2014-06-15 14:48:22');
INSERT INTO `django_session` VALUES ('2cc8ed6267aa3ab248b460ad49d41249','MGM1ZThhM2M3NDRkZDU4ODU0MjUzN2UwNzE3NmY2MzIyNzliY2ZjMTqAAn1xAVUedHdpdHRlcnVu\nYXV0aG9yaXplZF90b2tlbl9uYW1lcQJdcQNVkW9hdXRoX3Rva2VuX3NlY3JldD1YOFVUM3JZSjZv\nck5LQ0czVXBWcXZTVmVpOFZQMFlWaFo5Y0JtRUZLMCZvYXV0aF90b2tlbj1uV3FONEtPdHI3T2VJ\nV0xZQXBtT1NwVnpDZmtIUWd3enJnNjZqcmFjMkEmb2F1dGhfY2FsbGJhY2tfY29uZmlybWVkPXRy\ndWVxBGFzLg==\n','2014-06-16 04:02:16');
INSERT INTO `django_session` VALUES ('1625ff0bdb0f77c2325821ee31e35763','MGQzNTM2OTVhMzg1Y2M2ODA4YmNmMTk0NjA4YzQzNzQ4ZTc5MmQxMTqAAn1xAVUedHdpdHRlcnVu\nYXV0aG9yaXplZF90b2tlbl9uYW1lcQJdcQNVjm9hdXRoX3Rva2VuX3NlY3JldD1OS05xRldzZ0Y0\nZHBESXBmc1dzMDBxWjNla2tkZE9DSXBsOFRPd0Umb2F1dGhfdG9rZW49RFNRbW9lUHdFV1R2N0tM\nNUk0UlhPajNpTHpwY0o4OWxVRGh6MUdQTlUmb2F1dGhfY2FsbGJhY2tfY29uZmlybWVkPXRydWVx\nBGFzLg==\n','2014-06-16 17:20:59');
INSERT INTO `django_session` VALUES ('50f1a76759ff7966dc0898e3d9d860e4','NjMzZTk0YmMzYzA4ZDY5NzdlODkxNzZkMjRiODk1OGNlNmJlYWY0ZDqAAn1xAVUedHdpdHRlcnVu\nYXV0aG9yaXplZF90b2tlbl9uYW1lcQJdcQNVkW9hdXRoX3Rva2VuX3NlY3JldD1UM1VsNnNoQlNn\nWmlydmhVUXNteG5SbGNzVWRQMkpXOFVua2xTcnNwUSZvYXV0aF90b2tlbj1WN3pYdWZPOWNqSzl4\nb010WmF4NldLa2lBVndDQm5ZNHdFNG8wQlhFYmMmb2F1dGhfY2FsbGJhY2tfY29uZmlybWVkPXRy\ndWVxBGFzLg==\n','2014-06-17 09:17:05');
INSERT INTO `django_session` VALUES ('f960d0169a6c3c9bd2963aa2d0d26bde','OGJiZjlmMDkxMDQwYWZiMTc1MGRmZjQ0YmFiNzY5OWZkMDdjMGI1ZDqAAn1xAVUedHdpdHRlcnVu\nYXV0aG9yaXplZF90b2tlbl9uYW1lcQJdcQNVkm9hdXRoX3Rva2VuX3NlY3JldD1jZEZCbVNrTFBw\naFQ0eGtTS3hZTFdHR3B3Q3lYYUtNSGZIVGZBaU1lU0Emb2F1dGhfdG9rZW49QXlHQ3h1U1dMZ2xI\naFljbVA4QkdGSUExNUN6VUcxcHRtUGEycEk2SzVRJm9hdXRoX2NhbGxiYWNrX2NvbmZpcm1lZD10\ncnVlcQRhcy4=\n','2014-06-17 14:59:27');
INSERT INTO `django_session` VALUES ('e1b08881bceba46a82eb1b5c9ea72c6b','Zjk3MmZkMjZiMWY0Mjc5ZDU4Zjg3NWUxMWMzYmZiOTBlZDU2MWQyYTqAAn1xAVULd2VpYm9fc3Rh\ndGVxAlUgN2luMWVzbDZyZm9HWHE4eHl3UmJrcHFkNHJQYm9lcjdxA3Mu\n','2014-06-17 14:59:28');
INSERT INTO `django_session` VALUES ('b241b20ff1070d0b6640f54a0e297fc4','Nzk5MDllNWNjNDJiMDg0YzZhMDc0YjYxYmM1NGQ3Y2FkYmY5NmU3YjqAAn1xAVULd2VpYm9fc3Rh\ndGVxAlUgUjhjczYyREdabjBFc05XS2NkeDBheXRpa2JTN3Foem9xA3Mu\n','2014-06-17 20:46:23');
INSERT INTO `django_session` VALUES ('32ac38a6c11f49fea9f354c6abb40b7a','YzY1MTZmMjI0M2UzMWNjNTlkYmNkMjBiMjVlZGQ5NGU5ZWExYjRhYjqAAn1xAVUedHdpdHRlcnVu\nYXV0aG9yaXplZF90b2tlbl9uYW1lcQJdcQNVkm9hdXRoX3Rva2VuX3NlY3JldD05QXQxRUlqUEpT\nS09JR1dkdXhldTZBSGU2Y0lTdHhwUUFUd3JMeUJwQ00mb2F1dGhfdG9rZW49R1FBWnpiWFB0WmFD\nYVdFaWZZdlZEZ2JoMzNKYkdZb0l4QnVBeGV6RnprJm9hdXRoX2NhbGxiYWNrX2NvbmZpcm1lZD10\ncnVlcQRhcy4=\n','2014-06-19 16:25:04');
INSERT INTO `django_session` VALUES ('bfa5b138bfafbf758cba4374d1672e53','YmY4OWJmN2I1YmY2NjBlMDNhNjZjODAwMGExMGQ5MWYzNGQ5YTQ2NzqAAn1xAVUedHdpdHRlcnVu\nYXV0aG9yaXplZF90b2tlbl9uYW1lcQJdcQNVkG9hdXRoX3Rva2VuX3NlY3JldD1pWk5LSFlaanVw\nb2FFTXRnVHdDVGZpQ1pvcmJPWGFXY3EyS2Fram8mb2F1dGhfdG9rZW49czhQc3lLdDZJWEFjVUlv\nVk4yWTE4N1prZGRoZHpKQ1ZmSkRIbzZFeXR0ayZvYXV0aF9jYWxsYmFja19jb25maXJtZWQ9dHJ1\nZXEEYXMu\n','2014-06-20 17:09:47');
INSERT INTO `django_session` VALUES ('93f7fb80f7b982508e2a2b392a9a5708','M2E4NmJkMGRkNTYwZmQ2YWJhMDk2OWI0YWFhMGY5NDBhMzVkNTcwNDqAAn1xAVULd2VpYm9fc3Rh\ndGVxAlUgSzlzdkJTM2VLWlhoTVlkS25SamZjdjZOWXVZZ0dTeHJxA3Mu\n','2014-06-21 23:17:12');
INSERT INTO `django_session` VALUES ('d0db7770c8225190a1d0e91aacf68a94','OTIxNjNiMjI0YzFmZTkzZTJjYTRkZTU4NzlhZjdlNTIwYjg5ODg4ODqAAn1xAVUedHdpdHRlcnVu\nYXV0aG9yaXplZF90b2tlbl9uYW1lcQJdcQNVkm9hdXRoX3Rva2VuX3NlY3JldD1iQjdCbmd1aVNx\nSThsM0tWU2Z3ZXlRdExLVmxsRW02M0ZNd2g0YnQxcDgmb2F1dGhfdG9rZW49SWlQMFcySURENExJ\nb1lPc0lWeUlIbGZ6b0p6T2tqWDRxSVg1TUE4Z2dFJm9hdXRoX2NhbGxiYWNrX2NvbmZpcm1lZD10\ncnVlcQRhcy4=\n','2014-06-21 23:17:12');
INSERT INTO `django_session` VALUES ('96511b827d7e0bcf102079c9334b2807','Yjc4NjczYmYxOGFkNGIyNzY2YWVkOTY0ZWZlMmU2YzRiMmRhMzZjYTqAAn1xAVUedHdpdHRlcnVu\nYXV0aG9yaXplZF90b2tlbl9uYW1lcQJdcQNVkG9hdXRoX3Rva2VuX3NlY3JldD1WczBkVkJ0MnJC\nb250VlMzbG9jU1hmTDJSZkxrWlR6aDV1dGxHc0xDbyZvYXV0aF90b2tlbj1tNGhxZ2poRVNHbk51\nR29YTmxQb0FEeER3b0oybFFPWENLMUkwdlhXYyZvYXV0aF9jYWxsYmFja19jb25maXJtZWQ9dHJ1\nZXEEYXMu\n','2014-06-23 04:48:29');
/*!40000 ALTER TABLE `django_session` ENABLE KEYS */;
UNLOCK TABLES;

--
-- Table structure for table `django_site`
--

DROP TABLE IF EXISTS `django_site`;
/*!40101 SET @saved_cs_client     = @@character_set_client */;
/*!40101 SET character_set_client = utf8 */;
CREATE TABLE `django_site` (
  `id` int(11) NOT NULL AUTO_INCREMENT,
  `domain` varchar(100) NOT NULL,
  `name` varchar(50) NOT NULL,
  PRIMARY KEY (`id`)
) ENGINE=MyISAM DEFAULT CHARSET=latin1;
/*!40101 SET character_set_client = @saved_cs_client */;

--
-- Dumping data for table `django_site`
--

LOCK TABLES `django_site` WRITE;
/*!40000 ALTER TABLE `django_site` DISABLE KEYS */;
/*!40000 ALTER TABLE `django_site` ENABLE KEYS */;
UNLOCK TABLES;

--
-- Table structure for table `djcelery_crontabschedule`
--

DROP TABLE IF EXISTS `djcelery_crontabschedule`;
/*!40101 SET @saved_cs_client     = @@character_set_client */;
/*!40101 SET character_set_client = utf8 */;
CREATE TABLE `djcelery_crontabschedule` (
  `id` int(11) NOT NULL AUTO_INCREMENT,
  `minute` varchar(64) NOT NULL,
  `hour` varchar(64) NOT NULL,
  `day_of_week` varchar(64) NOT NULL,
  `day_of_month` varchar(64) NOT NULL,
  `month_of_year` varchar(64) NOT NULL,
  PRIMARY KEY (`id`)
) ENGINE=MyISAM DEFAULT CHARSET=latin1;
/*!40101 SET character_set_client = @saved_cs_client */;

--
-- Dumping data for table `djcelery_crontabschedule`
--

LOCK TABLES `djcelery_crontabschedule` WRITE;
/*!40000 ALTER TABLE `djcelery_crontabschedule` DISABLE KEYS */;
/*!40000 ALTER TABLE `djcelery_crontabschedule` ENABLE KEYS */;
UNLOCK TABLES;

--
-- Table structure for table `djcelery_intervalschedule`
--

DROP TABLE IF EXISTS `djcelery_intervalschedule`;
/*!40101 SET @saved_cs_client     = @@character_set_client */;
/*!40101 SET character_set_client = utf8 */;
CREATE TABLE `djcelery_intervalschedule` (
  `id` int(11) NOT NULL AUTO_INCREMENT,
  `every` int(11) NOT NULL,
  `period` varchar(24) NOT NULL,
  PRIMARY KEY (`id`)
) ENGINE=MyISAM DEFAULT CHARSET=latin1;
/*!40101 SET character_set_client = @saved_cs_client */;

--
-- Dumping data for table `djcelery_intervalschedule`
--

LOCK TABLES `djcelery_intervalschedule` WRITE;
/*!40000 ALTER TABLE `djcelery_intervalschedule` DISABLE KEYS */;
/*!40000 ALTER TABLE `djcelery_intervalschedule` ENABLE KEYS */;
UNLOCK TABLES;

--
-- Table structure for table `djcelery_periodictask`
--

DROP TABLE IF EXISTS `djcelery_periodictask`;
/*!40101 SET @saved_cs_client     = @@character_set_client */;
/*!40101 SET character_set_client = utf8 */;
CREATE TABLE `djcelery_periodictask` (
  `id` int(11) NOT NULL AUTO_INCREMENT,
  `name` varchar(200) NOT NULL,
  `task` varchar(200) NOT NULL,
  `interval_id` int(11) DEFAULT NULL,
  `crontab_id` int(11) DEFAULT NULL,
  `args` longtext NOT NULL,
  `kwargs` longtext NOT NULL,
  `queue` varchar(200) DEFAULT NULL,
  `exchange` varchar(200) DEFAULT NULL,
  `routing_key` varchar(200) DEFAULT NULL,
  `expires` datetime DEFAULT NULL,
  `enabled` tinyint(1) NOT NULL,
  `last_run_at` datetime DEFAULT NULL,
  `total_run_count` int(10) unsigned NOT NULL,
  `date_changed` datetime NOT NULL,
  `description` longtext NOT NULL,
  PRIMARY KEY (`id`),
  UNIQUE KEY `name` (`name`),
  KEY `interval_id_refs_id_f2054349` (`interval_id`),
  KEY `crontab_id_refs_id_ebff5e74` (`crontab_id`)
) ENGINE=MyISAM DEFAULT CHARSET=latin1;
/*!40101 SET character_set_client = @saved_cs_client */;

--
-- Dumping data for table `djcelery_periodictask`
--

LOCK TABLES `djcelery_periodictask` WRITE;
/*!40000 ALTER TABLE `djcelery_periodictask` DISABLE KEYS */;
/*!40000 ALTER TABLE `djcelery_periodictask` ENABLE KEYS */;
UNLOCK TABLES;

--
-- Table structure for table `djcelery_periodictasks`
--

DROP TABLE IF EXISTS `djcelery_periodictasks`;
/*!40101 SET @saved_cs_client     = @@character_set_client */;
/*!40101 SET character_set_client = utf8 */;
CREATE TABLE `djcelery_periodictasks` (
  `ident` smallint(6) NOT NULL,
  `last_update` datetime NOT NULL,
  PRIMARY KEY (`ident`)
) ENGINE=MyISAM DEFAULT CHARSET=latin1;
/*!40101 SET character_set_client = @saved_cs_client */;

--
-- Dumping data for table `djcelery_periodictasks`
--

LOCK TABLES `djcelery_periodictasks` WRITE;
/*!40000 ALTER TABLE `djcelery_periodictasks` DISABLE KEYS */;
/*!40000 ALTER TABLE `djcelery_periodictasks` ENABLE KEYS */;
UNLOCK TABLES;

--
-- Table structure for table `djcelery_taskstate`
--

DROP TABLE IF EXISTS `djcelery_taskstate`;
/*!40101 SET @saved_cs_client     = @@character_set_client */;
/*!40101 SET character_set_client = utf8 */;
CREATE TABLE `djcelery_taskstate` (
  `id` int(11) NOT NULL AUTO_INCREMENT,
  `state` varchar(64) NOT NULL,
  `task_id` varchar(36) NOT NULL,
  `name` varchar(200) DEFAULT NULL,
  `tstamp` datetime NOT NULL,
  `args` longtext,
  `kwargs` longtext,
  `eta` datetime DEFAULT NULL,
  `expires` datetime DEFAULT NULL,
  `result` longtext,
  `traceback` longtext,
  `runtime` double DEFAULT NULL,
  `retries` int(11) NOT NULL,
  `worker_id` int(11) DEFAULT NULL,
  `hidden` tinyint(1) NOT NULL,
  PRIMARY KEY (`id`),
  UNIQUE KEY `task_id` (`task_id`),
  KEY `worker_id_refs_id_4e3453a` (`worker_id`)
) ENGINE=MyISAM DEFAULT CHARSET=latin1;
/*!40101 SET character_set_client = @saved_cs_client */;

--
-- Dumping data for table `djcelery_taskstate`
--

LOCK TABLES `djcelery_taskstate` WRITE;
/*!40000 ALTER TABLE `djcelery_taskstate` DISABLE KEYS */;
/*!40000 ALTER TABLE `djcelery_taskstate` ENABLE KEYS */;
UNLOCK TABLES;

--
-- Table structure for table `djcelery_workerstate`
--

DROP TABLE IF EXISTS `djcelery_workerstate`;
/*!40101 SET @saved_cs_client     = @@character_set_client */;
/*!40101 SET character_set_client = utf8 */;
CREATE TABLE `djcelery_workerstate` (
  `id` int(11) NOT NULL AUTO_INCREMENT,
  `hostname` varchar(255) NOT NULL,
  `last_heartbeat` datetime DEFAULT NULL,
  PRIMARY KEY (`id`),
  UNIQUE KEY `hostname` (`hostname`)
) ENGINE=MyISAM DEFAULT CHARSET=latin1;
/*!40101 SET character_set_client = @saved_cs_client */;

--
-- Dumping data for table `djcelery_workerstate`
--

LOCK TABLES `djcelery_workerstate` WRITE;
/*!40000 ALTER TABLE `djcelery_workerstate` DISABLE KEYS */;
/*!40000 ALTER TABLE `djcelery_workerstate` ENABLE KEYS */;
UNLOCK TABLES;

--
-- Table structure for table `social_auth_association`
--

DROP TABLE IF EXISTS `social_auth_association`;
/*!40101 SET @saved_cs_client     = @@character_set_client */;
/*!40101 SET character_set_client = utf8 */;
CREATE TABLE `social_auth_association` (
  `id` int(11) NOT NULL AUTO_INCREMENT,
  `server_url` varchar(255) NOT NULL,
  `handle` varchar(255) NOT NULL,
  `secret` varchar(255) NOT NULL,
  `issued` int(11) NOT NULL,
  `lifetime` int(11) NOT NULL,
  `assoc_type` varchar(64) NOT NULL,
  PRIMARY KEY (`id`),
  UNIQUE KEY `server_url` (`server_url`,`handle`)
) ENGINE=MyISAM DEFAULT CHARSET=latin1;
/*!40101 SET character_set_client = @saved_cs_client */;

--
-- Dumping data for table `social_auth_association`
--

LOCK TABLES `social_auth_association` WRITE;
/*!40000 ALTER TABLE `social_auth_association` DISABLE KEYS */;
/*!40000 ALTER TABLE `social_auth_association` ENABLE KEYS */;
UNLOCK TABLES;

--
-- Table structure for table `social_auth_nonce`
--

DROP TABLE IF EXISTS `social_auth_nonce`;
/*!40101 SET @saved_cs_client     = @@character_set_client */;
/*!40101 SET character_set_client = utf8 */;
CREATE TABLE `social_auth_nonce` (
  `id` int(11) NOT NULL AUTO_INCREMENT,
  `server_url` varchar(255) NOT NULL,
  `timestamp` int(11) NOT NULL,
  `salt` varchar(40) NOT NULL,
  PRIMARY KEY (`id`),
  UNIQUE KEY `server_url` (`server_url`,`timestamp`,`salt`)
) ENGINE=MyISAM DEFAULT CHARSET=latin1;
/*!40101 SET character_set_client = @saved_cs_client */;

--
-- Dumping data for table `social_auth_nonce`
--

LOCK TABLES `social_auth_nonce` WRITE;
/*!40000 ALTER TABLE `social_auth_nonce` DISABLE KEYS */;
/*!40000 ALTER TABLE `social_auth_nonce` ENABLE KEYS */;
UNLOCK TABLES;

--
-- Table structure for table `social_auth_usersocialauth`
--

DROP TABLE IF EXISTS `social_auth_usersocialauth`;
/*!40101 SET @saved_cs_client     = @@character_set_client */;
/*!40101 SET character_set_client = utf8 */;
CREATE TABLE `social_auth_usersocialauth` (
  `id` int(11) NOT NULL AUTO_INCREMENT,
  `user_id` int(11) NOT NULL,
  `provider` varchar(32) NOT NULL,
  `uid` varchar(255) NOT NULL,
  `extra_data` longtext NOT NULL,
  PRIMARY KEY (`id`),
  UNIQUE KEY `provider` (`provider`,`uid`),
  KEY `user_id_refs_id_60fa311b` (`user_id`)
) ENGINE=MyISAM AUTO_INCREMENT=25 DEFAULT CHARSET=latin1;
/*!40101 SET character_set_client = @saved_cs_client */;

--
-- Dumping data for table `social_auth_usersocialauth`
--

LOCK TABLES `social_auth_usersocialauth` WRITE;
/*!40000 ALTER TABLE `social_auth_usersocialauth` DISABLE KEYS */;
INSERT INTO `social_auth_usersocialauth` VALUES (1,1,'weibo','1878369754','{\"access_token\": \"2.003m8HDCHw4uYDc8bf34fa46DCqhPE\", \"username\": null, \"id\": null, \"profile_image_url\": null, \"gender\": null}');
INSERT INTO `social_auth_usersocialauth` VALUES (2,2,'twitter','116413713','{\"access_token\": \"oauth_token_secret=Wg0T4OnlLxeflaKvBDyQrZVlTVs3ZeDz5KbTQoGDmA&oauth_token=116413713-RXj8q04yjnDRRr6miBz1qxGEjlDushBgunNgB5FM\", \"id\": 116413713}');
INSERT INTO `social_auth_usersocialauth` VALUES (3,3,'weibo','2125809057','{\"access_token\": \"2.00rCgr_CHw4uYDa9220a5aef06Zfel\", \"username\": null, \"id\": null, \"profile_image_url\": null, \"gender\": null}');
INSERT INTO `social_auth_usersocialauth` VALUES (4,4,'weibo','2731030951','{\"username\": null, \"access_token\": \"2.00_uHpyCHw4uYD2a5b9404cfTDQYtC\", \"gender\": null, \"profile_image_url\": null, \"id\": null}');
INSERT INTO `social_auth_usersocialauth` VALUES (5,5,'twitter','1460305448','{\"access_token\": \"oauth_token_secret=vn6tVskMKo2EyuVf4J4GHXMmVpcLDoZYV5BrfWgo&oauth_token=1460305448-EcP3PZHJN9kpwZwYr5TqtwQjZAAfyjtrH5s8rFm\", \"id\": 1460305448}');
INSERT INTO `social_auth_usersocialauth` VALUES (6,6,'twitter','47701231','{\"access_token\": \"oauth_token_secret=lF6FCdQoscSfoq6x05mhkLLKOGgOpr6jHSuoGeewgI&oauth_token=47701231-qC1ElGevKvVfpDSLwBFwEPt6VEg5j9OdCKXdLFxaI\", \"id\": 47701231}');
INSERT INTO `social_auth_usersocialauth` VALUES (7,7,'twitter','593353692','{\"access_token\": \"oauth_token_secret=v069AMMCHv3jXMWp0tM02j6LCVYEZvOwhlG2p1c3Pc&oauth_token=593353692-DhsRpyxAqFaAu1HQEhSYqCG687dt1N2YH6wbJg\", \"id\": 593353692}');
INSERT INTO `social_auth_usersocialauth` VALUES (8,8,'twitter','460965195','{\"access_token\": \"oauth_token_secret=Xsv6qjqxcqSMnKNKKEZK7YBo9tb7kJzziSZxomEVHEM&oauth_token=460965195-N8urJcmum92pPjwUjFufGyzUZcf3EpHzhCxPYkNx\", \"id\": 460965195}');
INSERT INTO `social_auth_usersocialauth` VALUES (9,9,'weibo','1878788180','{\"access_token\": \"2.00KdMJDCE7SyqD094d7e8fb8wFgxiD\", \"username\": null, \"id\": null, \"profile_image_url\": null, \"gender\": null}');
INSERT INTO `social_auth_usersocialauth` VALUES (10,10,'twitter','142813375','{\"access_token\": \"oauth_token_secret=6jQlHxxYnN6G7NFGYarKd033VdTf7udT1JmCnXILF2J5g&oauth_token=142813375-nwRMYen7snTsPnKEWBR2dimm4WrRi5DwoqexT4Em\", \"id\": 142813375}');
INSERT INTO `social_auth_usersocialauth` VALUES (11,11,'twitter','2353002296','{\"access_token\": \"oauth_token_secret=HktxdUVUHgDUKCPPOK1q7gIbYYwCZnNvwuf97sK0oBKDZ&oauth_token=2353002296-V7WdowIFW6lNDqn68UqtX7aWAyi8xRtCpCZn6NA\", \"id\": 2353002296}');
INSERT INTO `social_auth_usersocialauth` VALUES (12,12,'weibo','1954296584','{\"access_token\": \"2.00eoBQICE7SyqD0e0e0484349lHydB\", \"username\": null, \"id\": null, \"profile_image_url\": null, \"gender\": null}');
INSERT INTO `social_auth_usersocialauth` VALUES (13,13,'twitter','54747601','{\"access_token\": \"oauth_token_secret=WRjlnpGmDMuKvcTNzx4iL6lAntoH0MCOcrXikpFU&oauth_token=54747601-x6uljHql3QOqRuHaRBtc12oZ8iVeHiobtuGEKvyBG\", \"id\": 54747601}');
INSERT INTO `social_auth_usersocialauth` VALUES (14,14,'twitter','773975503','{\"access_token\": \"oauth_token_secret=9JD7kTOkM7zoceudOBwEUrI6FanIRq7qDoDrcQrGlPgiI&oauth_token=773975503-7YM3ygkJ7zdLRO9TiIHBG24C48Rwi2MExA5IeyI0\", \"id\": 773975503}');
INSERT INTO `social_auth_usersocialauth` VALUES (15,15,'twitter','815180726','{\"access_token\": \"oauth_token_secret=iOcPJLcrzQcn9Mkdmwz0vkSvmBgXDQ10fXxA043v4r5A8&oauth_token=815180726-carkQ4hyW5wbLopqtI3j0e37IY2jhat1kIwcQMOA\", \"id\": 815180726}');
INSERT INTO `social_auth_usersocialauth` VALUES (16,16,'weibo','2181039047','{\"access_token\": \"2.00Jt6b4CE7SyqD5fadfc8393IqCc2C\", \"username\": null, \"id\": null, \"profile_image_url\": null, \"gender\": null}');
INSERT INTO `social_auth_usersocialauth` VALUES (17,17,'twitter','233679129','{\"access_token\": \"oauth_token_secret=kxV2BIDBWykq1sJZzo3TNl3hKUHLxRwmOTUHZidQFzzxL&oauth_token=233679129-6M44IlQlXCTM9aQOni5pchlJLUGi5pXwvHHedXQX\", \"id\": 233679129}');
INSERT INTO `social_auth_usersocialauth` VALUES (18,18,'twitter','140470030','{\"access_token\": \"oauth_token_secret=zYuQdPNDeLlZo4U9enkB4qRS4j5udw5rXnBGHPKT4pZoZ&oauth_token=140470030-3meA269HKZeGxPsdGiGk4gVxo6Z3EBge80VPswNf\", \"id\": 140470030}');
INSERT INTO `social_auth_usersocialauth` VALUES (19,19,'twitter','2368799646','{\"access_token\": \"oauth_token_secret=0FPiNWyu6idzxORvDSQnu3fG4FXnuWtPeLg4hzm9x94sW&oauth_token=2368799646-Ewl1JYSHXd9BuEfzcj6iogGjj2EqlBQY1BXzHeZ\", \"id\": 2368799646}');
INSERT INTO `social_auth_usersocialauth` VALUES (20,20,'twitter','404058459','{\"access_token\": \"oauth_token_secret=WamDBOQQXzjzAK2hFI9OFE9svp7oQQPYmoLVnjZrsQsxd&oauth_token=404058459-bsMLs96fI1wRxtCpZTdRAiyP0awAq0Xj4ykjimZ5\", \"id\": 404058459}');
INSERT INTO `social_auth_usersocialauth` VALUES (21,21,'twitter','63657268','{\"access_token\": \"oauth_token_secret=2FArN2muNZh5sVQXvzgGnvKTvoKg1BkUlDfMot8yE1VEv&oauth_token=63657268-sfRL7bzoGbm6w188hpdSEWyVh7UFGjWTP53eOzEbs\", \"id\": 63657268}');
INSERT INTO `social_auth_usersocialauth` VALUES (22,22,'twitter','113648723','{\"access_token\": \"oauth_token_secret=oq8hti6XYWY2LYYxxgQ4ib0j3xsy8UhqUkVXPuorzFF5f&oauth_token=113648723-MI01ayvtq30nIUU5t5Ja3KXwTJZxsvno6TAR1ZYR\", \"id\": 113648723}');
INSERT INTO `social_auth_usersocialauth` VALUES (23,23,'twitter','555171637','{\"access_token\": \"oauth_token_secret=aSmwyt3LtnxpWQA8OmTBL3EMQ4FPaTh1yiEJSvEDtgk0C&oauth_token=555171637-XstCgf3bCG7Hcz52ghHsGSJY6qNfdGluDVyO7pDR\", \"id\": 555171637}');
INSERT INTO `social_auth_usersocialauth` VALUES (24,24,'twitter','2519849792','{\"access_token\": \"oauth_token_secret=gWygJ98DxlYXBl4aoI7IPXUKqF3YroUcEecl0yuZukCn7&oauth_token=2519849792-zGqFjKWzZeJBEi1pW9Rvmo3wSDZL6CeqSR6G0aS\", \"id\": 2519849792}');
/*!40000 ALTER TABLE `social_auth_usersocialauth` ENABLE KEYS */;
UNLOCK TABLES;
/*!40103 SET TIME_ZONE=@OLD_TIME_ZONE */;

/*!40101 SET SQL_MODE=@OLD_SQL_MODE */;
/*!40014 SET FOREIGN_KEY_CHECKS=@OLD_FOREIGN_KEY_CHECKS */;
/*!40014 SET UNIQUE_CHECKS=@OLD_UNIQUE_CHECKS */;
/*!40101 SET CHARACTER_SET_CLIENT=@OLD_CHARACTER_SET_CLIENT */;
/*!40101 SET CHARACTER_SET_RESULTS=@OLD_CHARACTER_SET_RESULTS */;
/*!40101 SET COLLATION_CONNECTION=@OLD_COLLATION_CONNECTION */;
/*!40111 SET SQL_NOTES=@OLD_SQL_NOTES */;

-- Dump completed on 2014-06-09 16:38:08
